updated;price
2022-11-19;35.5142
2022-11-18;35.5232
2022-11-17;35.4991
2022-11-16;35.4774
2022-11-15;35.5284
2022-11-14;35.4223
2022-11-13;35.4223
2022-11-12;35.4223
2022-11-11;36.0255
2022-11-10;35.9183
2022-11-09;35.8691
2022-11-08;36.0216
2022-11-07;36.5268
2022-11-06;36.5268
2022-11-05;36.5268
2022-11-04;36.5268
2022-11-03;36.2456
2022-11-02;36.1338
2022-11-01;36.2488
2022-10-31;36.1966
2022-10-30;36.1966
2022-10-29;36.1966
2022-10-28;36.0935
2022-10-27;36.1339
2022-10-26;36.078
2022-10-25;35.9782
2022-10-24;35.9975
2022-10-23;35.9975
2022-10-22;35.9975
2022-10-21;36.1775
2022-10-20;36.2297
2022-10-19;36.296
2022-10-18;36.3314
2022-10-17;37.0916
2022-10-16;37.0916
2022-10-15;37.0916
2022-10-14;37.3481
2022-10-13;37.5035
2022-10-12;37.4612
2022-10-11;36.6545
2022-10-10;36.0279
2022-10-09;36.0279
2022-10-08;36.0279
2022-10-07;35.4432
2022-10-06;34.9437
2022-10-05;34.5831
2022-10-04;33.8626
2022-10-03;32.5286
2022-10-02;32.5286
2022-10-01;32.5286
2022-09-30;33.7724
2022-09-29;34.3815
2022-09-28;34.2209
2022-09-27;34.1171
2022-09-26;34.1768
2022-09-25;34.1768
2022-09-24;34.1768
2022-09-23;35.1952
2022-09-22;35.805
2022-09-21;35.3034
2022-09-20;35.3919
2022-09-19;35.3127
2022-09-18;35.3127
2022-09-17;35.3127
2022-09-16;35.0978
2022-09-15;35.1618
2022-09-14;35.3339
2022-09-13;35.5628
2022-09-12;35.5704
2022-09-11;35.5704
2022-09-10;35.5704
2022-09-09;35.7653
2022-09-08;35.9891
2022-09-07;35.7967
2022-09-06;35.8255
2022-09-05;35.5125
2022-09-04;35.5125
2022-09-03;35.5125
2022-09-02;35.4335
2022-09-01;35.4345
2022-08-31;35.5104
2022-08-30;35.508
2022-08-29;35.3485
2022-08-28;35.3485
2022-08-27;35.3485
2022-08-26;35.1588
2022-08-25;35.2926
2022-08-24;35.2331
2022-08-23;35.1423
2022-08-22;34.7836
2022-08-21;34.7836
2022-08-20;34.7836
2022-08-19;35.2688
2022-08-18;35.7384
2022-08-17;36.1322
2022-08-16;36.1028
2022-08-15;35.8231
2022-08-14;35.8231
2022-08-13;35.8231
2022-08-12;35.7531
2022-08-11;35.6536
2022-08-10;35.6106
2022-08-09;35.5723
2022-08-08;35.5115
2022-08-07;35.5115
2022-08-06;35.5115
2022-08-05;35.4459
2022-08-04;35.4338
2022-08-03;35.3879
2022-08-02;36.5004
2022-08-01;36.0648
2022-07-31;36.0648
2022-07-30;36.0648
2022-07-29;35.4136
2022-07-28;35.4234
2022-07-27;34.5062
2022-07-26;33.9895
2022-07-25;33.7598
2022-07-24;33.7598
2022-07-23;33.7598
2022-07-22;33.2225
2022-07-21;32.2642
2022-07-20;32.61
2022-07-19;33.2715
2022-07-18;34.019
2022-07-17;34.019
2022-07-16;34.019
2022-07-15;34.2687
2022-07-14;34.4307
2022-07-13;34.6201
2022-07-12;36.0615
2022-07-11;36.0391
2022-07-10;36.0391
2022-07-09;36.0391
2022-07-08;37.1428
2022-07-07;37.0065
2022-07-06;34.4187
2022-07-05;32.4034
2022-07-04;31.628
2022-07-03;31.628
2022-07-02;31.628
2022-07-01;30.8896
2022-06-30;30.0929
2022-06-29;31.1588
2022-06-28;31.3906
2022-06-27;31.3667
2022-06-26;31.3667
2022-06-25;31.3667
2022-06-24;31.3869
2022-06-23;31.3405
2022-06-22;32.1812
2022-06-21;33.0428
2022-06-20;33.3589
2022-06-19;33.3589
2022-06-18;33.3589
2022-06-17;33.4524
2022-06-16;33.3308
2022-06-15;33.5839
2022-06-14;33.9871
2022-06-13;33.9871
2022-06-12;33.9871
2022-06-11;33.9871
2022-06-10;34.3468
2022-06-09;35.4284
2022-06-08;35.8568
2022-06-07;35.9467
2022-06-06;36.4505
2022-06-05;36.4505
2022-06-04;36.4505
2022-06-03;36.2206
2022-06-02;36.1608
2022-06-01;36.2394
2022-05-31;37.1162
2022-05-30;39.0605
2022-05-29;39.0605
2022-05-28;39.0605
2022-05-27;36.4997
2022-05-26;33.1174
2022-05-25;33.5112
2022-05-24;34.2404
2022-05-23;34.6389
2022-05-22;34.6389
2022-05-21;34.6389
2022-05-20;36.7077
2022-05-19;37.3908
2022-05-18;37.3781
2022-05-17;37.3203
2022-05-16;37.5176
2022-05-15;37.5176
2022-05-14;37.5176
2022-05-13;38.7009
2022-05-12;40.4935
2022-05-11;39.6378
2022-05-10;39.6378
2022-05-09;39.6378
2022-05-08;39.6378
2022-05-07;39.6378
2022-05-06;38.9634
2022-05-05;40.8329
2022-05-04;41.7786
2022-05-03;41.7786
2022-05-02;41.7786
2022-05-01;41.7786
2022-04-30;41.7786
2022-04-29;42.5266
2022-04-28;42.8685
2022-04-27;42.7699
2022-04-26;43.1536
2022-04-25;43.2382
2022-04-24;43.2382
2022-04-23;43.2382
2022-04-22;44.1171
2022-04-21;45.3417
2022-04-20;46.4875
2022-04-19;46.737
2022-04-18;47.0845
2022-04-17;47.0845
2022-04-16;47.0845
2022-04-15;47.8165
2022-04-14;46.9689
2022-04-13;46.8396
2022-04-12;46.5645
2022-04-11;44.0295
2022-04-10;44.0295
2022-04-09;44.0295
2022-04-08;44.8557
2022-04-07;48.586
2022-04-06;49.0306
2022-04-05;49.1725
2022-04-04;49.2029
2022-04-03;49.2029
2022-04-02;49.2029
2022-04-01;49.1455
2022-03-31;49.5609
2022-03-30;50.8872
2022-03-29;55.268
2022-03-28;56.411
2022-03-27;56.411
2022-03-26;56.411
2022-03-25;56.6375
2022-03-24;60.8337
2022-03-23;61.3717
2022-03-22;61.8212
2022-03-21;61.3071
2022-03-20;61.3071
2022-03-19;61.3071
2022-03-18;61.8077
2022-03-17;63.7701
2022-03-16;65.7092
2022-03-15;67.9384
2022-03-14;68.8557
2022-03-13;68.8557
2022-03-12;68.8557
2022-03-11;70.9946
2022-03-10;68.2851
2022-03-09;62.2792
2022-03-08;62.2792
2022-03-07;62.2792
2022-03-06;62.2792
2022-03-05;62.2792
2022-03-04;65.7778
2022-03-03;60.7703
2022-03-02;53.9998
2022-03-01;55.067
2022-02-28;49.1751
2022-02-27;49.1751
2022-02-26;49.1751
2022-02-25;51.1647
2022-02-24;47.3334
2022-02-23;47.3334
2022-02-22;45.1837
2022-02-21;44.2897
2022-02-20;44.2897
2022-02-19;44.2897
2022-02-18;44.5866
2022-02-17;44.1519
2022-02-16;44.8299
2022-02-15;45.0713
2022-02-14;44.1358
2022-02-13;44.1358
2022-02-12;44.1358
2022-02-11;43.9812
2022-02-10;44.0268
2022-02-09;44.3227
2022-02-08;44.2421
2022-02-07;44.7622
2022-02-06;44.7622
2022-02-05;44.7622
2022-02-04;45.1148
2022-02-03;45.0176
2022-02-02;45.3974
2022-02-01;45.5975
2022-01-31;45.8019
2022-01-30;45.8019
2022-01-29;45.8019
2022-01-28;46.4667
2022-01-27;46.4648
2022-01-26;46.2873
2022-01-25;45.5356
2022-01-24;45.1385
2022-01-23;45.1385
2022-01-22;45.1385
2022-01-21;44.9916
2022-01-20;45.2441
2022-01-19;44.9292
2022-01-18;44.4525
2022-01-17;44.5949
2022-01-16;44.5949
2022-01-15;44.5949
2022-01-14;43.8897
2022-01-13;43.8656
2022-01-12;44.0468
2022-01-11;44.221
2022-01-10;43.7273
2022-01-09;43.7273
2022-01-08;43.7273
2022-01-07;43.7273
2022-01-06;43.7273
2022-01-05;43.7273
2022-01-04;43.7273
2022-01-03;43.7273
2022-01-02;43.7273
2022-01-01;43.7273
2021-12-31;43.7273
2021-12-30;43.3499
2021-12-29;43.2583
2021-12-28;43.1035
2021-12-27;43.0775
2021-12-26;43.0775
2021-12-25;43.0775
2021-12-24;43.1773
2021-12-23;43.4315
2021-12-22;43.1548
2021-12-21;43.7285
2021-12-18;43.3979
2021-12-17;43.3024
2021-12-16;43.4673
2021-12-15;43.243
2021-12-14;43.2082
2021-12-11;43.3231
2021-12-10;43.3195
2021-12-09;43.464
2021-12-08;43.6374
2021-12-07;43.3604
2021-12-04;43.4035
2021-12-03;43.5925
2021-12-02;43.5401
2021-12-01;44.0804
2021-11-30;44.1329
2021-11-27;44.4893
2021-11-26;43.9084
2021-11-25;43.7743
2021-11-24;44.0451
2021-11-23;43.2317
2021-11-20;42.8262
2021-11-17;42.7047
2021-11-16;42.5382
2021-11-13;42.2671
2021-11-12;41.9049
2021-11-11;41.6098
2021-11-10;41.958
2021-11-09;42.0232
2021-11-04;42.0763
2021-11-03;42.0708
2021-11-02;41.8401
2021-10-30;41.5068
2021-10-29;41.5072
2021-10-28;41.0891
2021-10-27;40.9374
2021-10-26;41.2799
2021-10-23;41.7082
2021-10-22;41.7836
2021-10-21;41.822
2021-10-20;41.7701
2021-10-19;41.8902
2021-10-16;41.9288
2021-10-15;42.2511
2021-10-14;42.2941
2021-10-13;42.3073
2021-10-12;42.1644
2021-10-09;42.3709
2021-10-08;42.5459
2021-10-07;42.7123
2021-10-06;42.7125
2021-10-05;42.9217
2021-10-02;42.9202
2021-10-01;42.7688
2021-09-30;42.8257
2021-09-29;42.677
2021-09-28;42.7671
2021-09-25;42.9712
2021-09-24;42.8043
2021-09-23;42.8962
2021-09-22;43.0881
2021-09-21;43.1616
2021-09-18;42.7076
2021-09-17;42.6327
2021-09-16;42.8793
2021-09-15;42.7999
2021-09-14;43.016
2021-09-11;42.8252
2021-09-10;43.0424
2021-09-09;43.2267
2021-09-08;43.0788
2021-09-07;42.9393
2021-09-04;42.8808
2021-09-03;42.8776
2021-09-02;43.079
2021-09-01;43.1301
2021-08-31;43.3045
2021-08-28;43.5471
2021-08-27;43.5496
2021-08-26;43.4036
2021-08-25;43.5235
2021-08-24;43.5942
2021-08-21;43.7693
2021-08-20;43.6435
2021-08-19;43.2391
2021-08-18;43.2462
2021-08-17;43.1972
2021-08-14;43.2443
2021-08-13;43.3002
2021-08-12;43.5371
2021-08-11;43.3174
2021-08-10;43.2653
2021-08-07;43.0432
2021-08-06;43.0653
2021-08-05;42.8403
2021-08-04;42.8913
2021-08-03;42.9756
2021-07-31;43.0481
2021-07-30;43.0785
2021-07-29;43.3248
2021-07-28;43.465
2021-07-27;43.6127
2021-07-24;43.4175
2021-07-23;43.3752
2021-07-22;43.8462
2021-07-21;43.844
2021-07-20;43.7589
2021-07-17;43.6525
2021-07-16;43.6843
2021-07-15;43.6278
2021-07-14;43.5897
2021-07-13;43.928
2021-07-10;43.8302
2021-07-09;44.2585
2021-07-08;43.5892
2021-07-07;43.123
2021-07-06;43.1748
2021-07-03;43.3299
2021-07-02;42.9127
2021-07-01;42.8036
2021-06-30;42.597
2021-06-29;42.4825
2021-06-26;42.4776
2021-06-25;42.5697
2021-06-24;42.7705
2021-06-23;43.0642
2021-06-22;43.0834
2021-06-19;42.5083
2021-06-18;42.675
2021-06-17;42.3969
2021-06-16;42.2789
2021-06-12;42.1893
2021-06-11;42.4941
2021-06-10;42.134
2021-06-09;42.8638
2021-06-08;42.6338
2021-06-05;43.1266
2021-06-04;43.1216
2021-06-03;43.2595
2021-06-02;43.1084
2021-06-01;42.8484
2021-05-29;43.3119
2021-05-28;43.236
2021-05-27;43.2453
2021-05-26;43.1997
2021-05-25;43.2764
2021-05-22;43.308
2021-05-21;43.32
2021-05-20;43.3654
2021-05-19;43.378
2021-05-18;43.4689
2021-05-15;43.5531
2021-05-14;43.7649
2021-05-13;43.5786
2021-05-12;43.6473
2021-05-08;43.6358
2021-05-07;43.8946
2021-05-06;44.0622
2021-05-05;44.2947
2021-05-01;44.0524
2021-04-30;43.78
2021-04-29;44.1077
2021-04-28;44.1188
2021-04-27;44.0071
2021-04-24;44.1962
2021-04-23;44.9804
2021-04-22;45.2147
2021-04-21;44.7413
2021-04-20;44.8788
2021-04-17;44.4694
2021-04-16;45.3095
2021-04-15;44.5454
2021-04-14;45.47
2021-04-13;45.6212
2021-04-10;45.4183
2021-04-09;45.3803
2021-04-08;45.7758
2021-04-07;44.956
2021-04-06;45.0884
2021-04-03;44.7754
2021-04-02;44.6188
2021-04-01;44.5187
2021-03-31;44.557
2021-03-30;44.6314
2021-03-27;44.5895
2021-03-26;44.8347
2021-03-25;44.8225
2021-03-24;44.3546
2021-03-23;43.9132
2021-03-20;43.6368
2021-03-19;43.3539
2021-03-18;43.0264
2021-03-17;42.944
2021-03-16;43.1028
2021-03-13;43.2655
2021-03-12;43.2605
2021-03-11;43.5782
2021-03-10;43.7104
2021-03-06;43.8067
2021-03-05;43.4293
2021-03-04;43.2717
2021-03-03;43.8938
2021-03-02;43.5814
2021-02-27;43.8124
2021-02-26;43.2459
2021-02-25;43.4098
2021-02-21;43.5196
2021-02-20;43.5384
2021-02-19;43.4229
2021-02-18;43.4178
2021-02-17;43.1368
2021-02-16;43.1484
2021-02-13;43.5184
2021-02-12;43.4125
2021-02-11;43.4683
2021-02-10;43.6252
2021-02-09;43.7082
2021-02-06;44.2088
2021-02-05;44.5729
2021-02-04;44.7793
2021-02-03;44.6763
2021-02-02;44.441
2021-01-30;44.8809
2021-01-29;44.8413
2021-01-28;44.1672
2021-01-27;44.5176
2021-01-26;44.0594
2021-01-23;43.7678
2021-01-22;43.1839
2021-01-21;43.1754
2021-01-20;43.3928
2021-01-19;43.5394
2021-01-16;43.2874
2021-01-15;43.435
2021-01-14;43.2763
2021-01-13;43.7118
2021-01-12;43.8586
2021-01-01;43.4819
2020-12-31;43.4819
2020-12-30;43.353
2020-12-29;43.3888
2020-12-26;43.0797
2020-12-25;44.049
2020-12-24;44.4127
2020-12-23;44.3495
2020-12-22;43.9506
2020-12-19;43.1521
2020-12-18;42.9536
2020-12-17;43.2137
2020-12-16;43.2285
2020-12-15;42.9236
2020-12-12;43.0368
2020-12-11;43.3858
2020-12-10;43.1464
2020-12-09;43.356
2020-12-08;43.7025
2020-12-05;43.7039
2020-12-04;44.2611
2020-12-03;44.5057
2020-12-02;44.9207
2020-12-01;44.8499
2020-11-28;44.6497
2020-11-27;44.4095
2020-11-26;44.4218
2020-11-25;44.6231
2020-11-24;44.5909
2020-11-21;44.7393
2020-11-20;44.8868
2020-11-19;44.6891
2020-11-18;44.8811
2020-11-17;45.2735
2020-11-14;45.5128
2020-11-13;45.3883
2020-11-12;44.8543
2020-11-11;44.9663
2020-11-10;45.2922
2020-11-07;45.4311
2020-11-06;46.1777
2020-11-04;47.0869
2020-11-03;47.4249
2020-10-31;46.6935
2020-10-30;46.4214
2020-10-29;45.6457
2020-10-28;45.0004
2020-10-27;44.9937
2020-10-24;45.0069
2020-10-23;45.3684
2020-10-22;45.3397
2020-10-21;45.7787
2020-10-20;45.8647
2020-10-17;45.8884
2020-10-16;45.8776
2020-10-15;45.4832
2020-10-14;45.4888
2020-10-13;45.3348
2020-10-10;45.3375
2020-10-09;45.8597
2020-10-08;45.9636
2020-10-07;46.2107
2020-10-06;45.9848
2020-10-03;45.9632
2020-10-02;45.484
2020-10-01;46.3712
2020-09-30;46.9008
2020-09-29;46.3045
2020-09-26;45.2145
2020-09-25;45.4255
2020-09-24;44.9408
2020-09-23;44.8918
2020-09-22;44.7546
2020-09-19;44.1624
2020-09-18;44.2579
2020-09-17;44.1011
2020-09-16;44.2545
2020-09-15;43.9758
2020-09-12;44.0786
2020-09-11;44.454
2020-09-10;44.7742
2020-09-09;44.7113
2020-09-08;44.4915
2020-09-05;44.2509
2020-09-04;44.4191
2020-09-03;43.4719
2020-09-02;43.3107
2020-09-01;43.4396
2020-08-29;43.9307
2020-08-28;44.2822
2020-08-27;44.4602
2020-08-26;43.8567
2020-08-25;43.8013
2020-08-22;43.6138
2020-08-21;43.4203
2020-08-20;43.1072
2020-08-19;43.2208
2020-08-18;42.9474
2020-08-15;43.0934
2020-08-14;43.3235
2020-08-13;43.1048
2020-08-12;43.056
2020-08-11;43.4226
2020-08-08;43.3417
2020-08-07;42.9898
2020-08-06;43.1316
2020-08-05;43.1905
2020-08-04;43.6484
2020-08-01;43.2172
2020-07-31;43.1803
2020-07-30;42.5161
2020-07-29;42.3305
2020-07-28;41.843
2020-07-25;42.1409
2020-07-24;41.7675
2020-07-23;41.6646
2020-07-22;41.7697
2020-07-21;42.356
2020-07-18;42.2095
2020-07-17;41.9253
2020-07-16;41.6715
2020-07-15;41.8643
2020-07-14;41.6409
2020-07-11;41.9245
2020-07-10;41.7187
2020-07-09;41.9293
2020-07-08;42.479
2020-07-07;41.9899
2020-07-04;41.4949
2020-07-03;41.5067
2020-07-02;41.4604
2020-07-01;41.4604
2020-06-30;41.172
2020-06-27;40.6877
2020-06-26;40.8864
2020-06-25;40.5165
2020-06-24;40.5165
2020-06-23;40.6146
2020-06-20;40.9491
2020-06-19;40.9759
2020-06-18;40.9562
2020-06-17;41.1155
2020-06-16;41.4943
2020-06-12;40.7438
2020-06-11;40.447
2020-06-10;40.4801
2020-06-09;40.2666
2020-06-06;40.455
2020-06-05;40.6809
2020-06-04;40.2837
2020-06-03;40.662
2020-06-02;41.0913
2020-05-30;41.7047
2020-05-29;41.9105
2020-05-28;41.8883
2020-05-27;41.9339
2020-05-26;42.2023
2020-05-23;42.3698
2020-05-22;41.8061
2020-05-21;42.2956
2020-05-20;42.6713
2020-05-19;42.6583
2020-05-16;42.7903
2020-05-15;43.2136
2020-05-14;43.0102
2020-05-13;43.2848
2020-05-09;43.5441
2020-05-08;43.3229
2020-05-07;43.2382
2020-05-01;42.8684
2020-04-30;43.4361
2020-04-29;43.9556
2020-04-28;43.9116
2020-04-25;44.0414
2020-04-24;44.2847
2020-04-23;45.4121
2020-04-22;44.9491
2020-04-21;44.0116
2020-04-18;43.5863
2020-04-17;44.0388
2020-04-16;43.4509
2020-04-15;43.2154
2020-04-14;43.3389
2020-04-11;43.4727
2020-04-10;43.9758
2020-04-09;44.6507
2020-04-08;44.4769
2020-04-07;45.0383
2020-04-04;45.933
2020-04-03;45.933
2020-04-02;45.933
2020-04-01;45.933
2020-03-28;45.933
2020-03-27;46.5179
2020-03-26;45.9687
2020-03-25;46.593
2020-03-24;47.7938
2020-03-21;46.1173
2020-03-20;47.2485
2020-03-19;45.5132
2020-03-18;43.5541
2020-03-17;43.3411
2020-03-14;42.7926
2020-03-13;43.6354
2020-03-12;42.1291
2020-03-11;42.4526
2020-03-10;39.7981
2020-03-07;39.7981
2020-03-06;39.0129
2020-03-05;38.9498
2020-03-04;39.1652
2020-03-03;39.0966
2020-02-29;39.4877
2020-02-28;38.6736
2020-02-27;38.6193
2020-02-26;38.2678
2020-02-25;37.902
2020-02-22;37.902
2020-02-21;37.5722
2020-02-20;37.5404
2020-02-19;37.589
2020-02-18;37.3171
2020-02-15;37.4027
2020-02-14;37.4899
2020-02-13;37.163
2020-02-12;37.6947
2020-02-11;37.5896
2020-02-08;37.4135
2020-02-07;37.016
2020-02-06;37.238
2020-02-05;37.3912
2020-02-04;37.6711
2020-02-01;37.2169
2020-01-31;37.1564
2020-01-30;36.7777
2020-01-29;37.035
2020-01-28;36.7451
2020-01-25;36.4298
2020-01-24;36.5172
2020-01-23;36.4482
2020-01-22;36.4605
2020-01-21;36.2307
2020-01-18;36.2707
2020-01-17;36.292
2020-01-16;36.2115
2020-01-15;36.2004
2020-01-14;35.9254
2020-01-11;36.1115
2020-01-10;36.0943
2020-01-09;36.4902
2020-01-01;36.4902
2019-12-31;36.4902
2019-12-28;36.5644
2019-12-27;36.4088
2019-12-26;36.3787
2019-12-25;36.6444
2019-12-24;36.6931
2019-12-21;36.7858
2019-12-20;36.8572
2019-12-19;36.8895
2019-12-18;36.8598
2019-12-17;36.5934
2019-12-14;36.8726
2019-12-13;37.2683
2019-12-12;37.4685
2019-12-11;37.4765
2019-12-10;37.5623
2019-12-07;37.5588
2019-12-06;37.6148
2019-12-05;37.8396
2019-12-04;37.8073
2019-12-03;37.9662
2019-11-30;37.7729
2019-11-29;37.784
2019-11-28;37.7083
2019-11-27;37.7388
2019-11-26;37.5854
2019-11-23;37.5538
2019-11-22;37.6322
2019-11-21;37.7373
2019-11-20;37.5909
2019-11-19;37.5798
2019-11-16;37.6588
2019-11-15;37.8486
2019-11-14;37.8431
2019-11-13;37.6381
2019-11-12;37.6729
2019-11-09;37.5653
2019-11-08;37.5655
2019-11-07;37.4819
2019-11-06;37.0565
2019-11-05;37.5156
2019-11-02;37.5156
2019-11-01;37.3651
2019-10-31;37.4229
2019-10-30;37.3986
2019-10-29;37.4209
2019-10-26;37.7227
2019-10-25;37.4041
2019-10-24;37.6067
2019-10-23;37.5088
2019-10-22;37.5836
2019-10-19;37.6977
2019-10-18;37.7332
2019-10-17;37.9284
2019-10-16;37.8749
2019-10-15;37.94
2019-10-12;37.8566
2019-10-11;38.1619
2019-10-10;38.3717
2019-10-09;38.2359
2019-10-08;38.2116
2019-10-05;38.3319
2019-10-04;38.3915
2019-10-03;38.5735
2019-10-02;38.3537
2019-10-01;38.1024
2019-09-28;37.9697
2019-09-27;37.895
2019-09-26;37.8351
2019-09-25;37.5514
2019-09-24;37.6925
2019-09-21;37.6355
2019-09-20;37.8543
2019-09-19;37.9776
2019-09-18;37.7962
2019-09-17;37.6229
2019-09-14;38.0024
2019-09-13;38.4267
2019-09-12;38.5689
2019-09-11;38.5731
2019-09-10;38.65
2019-09-07;38.9025
2019-09-06;38.9347
2019-09-05;39.1985
2019-09-04;39.4384
2019-09-03;39.2711
2019-08-31;39.1923
2019-08-30;39.344
2019-08-29;39.1469
2019-08-28;39.0574
2019-08-27;38.888
2019-08-24;38.6706
2019-08-23;38.6794
2019-08-22;39.0587
2019-08-21;39.3658
2019-08-20;39.2621
2019-08-17;38.9013
2019-08-16;38.8392
2019-08-15;38.434
2019-08-14;38.6688
2019-08-13;38.5669
2019-08-10;38.4641
2019-08-09;38.3907
2019-08-08;38.3691
2019-08-07;38.4338
2019-08-06;38.3464
2019-08-03;38.1033
2019-08-02;37.6269
2019-08-01;37.3812
2019-07-31;37.3587
2019-07-30;37.4424
2019-07-27;37.2102
2019-07-26;37.2279
2019-07-25;37.2038
2019-07-24;36.9976
2019-07-23;37.1221
2019-07-20;37.0566
2019-07-19;37.0342
2019-07-18;37.1029
2019-07-17;37.025
2019-07-16;37.0339
2019-07-13;37.1473
2019-07-12;37.132
2019-07-11;37.6061
2019-07-10;37.5868
2019-07-09;37.648
2019-07-06;37.4796
2019-07-05;37.3718
2019-07-04;37.4271
2019-07-03;37.2688
2019-07-02;37.1672
2019-06-29;37.1798
2019-06-28;37.1619
2019-06-27;37.0223
2019-06-26;36.8541
2019-06-25;37.0819
2019-06-22;37.2116
2019-06-21;37.3638
2019-06-20;37.7126
2019-06-19;37.9223
2019-06-18;37.9126
2019-06-15;37.9797
2019-06-14;38.0969
2019-06-13;38.0288
2019-06-12;38.0288
2019-06-11;38.1915
2019-06-08;38.3375
2019-06-07;38.4521
2019-06-06;38.3874
2019-06-05;38.4093
2019-06-04;38.6411
2019-06-01;38.5402
2019-05-31;38.3485
2019-05-30;38.2602
2019-05-29;38.0427
2019-05-28;37.998
2019-05-25;38.0846
2019-05-24;38.0143
2019-05-23;37.9697
2019-05-22;38.0414
2019-05-21;38.0128
2019-05-18;38.0977
2019-05-17;38.0547
2019-05-16;38.2251
2019-05-15;38.4911
2019-05-14;38.5914
2019-05-11;38.449
2019-05-10;38.449
2019-05-09;38.449
2019-05-08;38.4419
2019-05-07;38.5116
2019-05-04;38.0969
2019-05-03;38.0969
2019-05-02;38.0969
2019-05-01;38.0969
2019-04-30;38.1324
2019-04-27;38.1405
2019-04-26;38.1252
2019-04-25;37.7128
2019-04-24;37.6013
2019-04-23;37.5986
2019-04-20;37.7013
2019-04-19;37.7653
2019-04-18;37.6923
2019-04-17;37.8675
2019-04-16;37.8703
2019-04-13;38.0295
2019-04-12;37.96
2019-04-11;38.1593
2019-04-10;38.1825
2019-04-09;38.5204
2019-04-06;38.5542
2019-04-05;38.5076
2019-04-04;38.4108
2019-04-03;38.5927
2019-04-02;38.5603
2019-03-30;38.1578
2019-03-29;38.197
2019-03-28;38.074
2019-03-27;37.8239
2019-03-26;38.019
2019-03-23;37.5894
2019-03-22;37.5726
2019-03-21;37.8899
2019-03-20;37.9114
2019-03-19;38.1193
2019-03-16;38.5618
2019-03-15;38.5512
2019-03-14;38.6614
2019-03-13;38.7665
2019-03-12;38.9486
2019-03-09;38.8828
2019-03-08;38.8828
2019-03-07;38.8111
2019-03-06;38.786
2019-03-05;38.7831
2019-03-02;38.7943
2019-03-01;38.8385
2019-02-28;38.7604
2019-02-27;38.6786
2019-02-26;38.4664
2019-02-23;38.6177
2019-02-22;38.6325
2019-02-21;38.8192
2019-02-20;39.0228
2019-02-19;39.0492
2019-02-16;39.3188
2019-02-15;39.2236
2019-02-14;38.714
2019-02-13;38.7355
2019-02-12;38.6983
2019-02-09;38.9406
2019-02-08;38.9154
2019-02-07;38.7083
2019-02-06;38.6496
2019-02-05;38.6595
2019-02-02;38.7033
2019-02-01;38.525
2019-01-31;38.9618
2019-01-30;39.1047
2019-01-29;38.8624
2019-01-26;38.8547
2019-01-25;38.9046
2019-01-24;39.0992
2019-01-23;39.2278
2019-01-22;39.1178
2019-01-19;39.0987
2019-01-18;39.1652
2019-01-17;39.3526
2019-01-16;39.5414
2019-01-15;39.6062
2019-01-12;39.444
2019-01-11;39.4108
2019-01-10;39.5399
2018-12-30;40.9494
2018-12-29;40.9795
2018-12-28;40.599
2018-12-27;40.6051
2018-12-26;40.5215
2018-12-25;40.3226
2018-12-22;40.0875
2018-12-21;39.7118
2018-12-20;39.5592
2018-12-19;39.343
2018-12-18;39.2696
2018-12-15;39.1593
2018-12-14;39.0539
2018-12-13;39.1527
2018-12-12;39.1996
2018-12-11;39.046
2018-12-08;39.4475
2018-12-07;39.3385
2018-12-06;39.3894
2018-12-05;39.1669
2018-12-04;39.0758
2018-12-01;39.2181
2018-11-30;39.2775
2018-11-29;39.4598
2018-11-28;39.3634
2018-11-27;39.2026
2018-11-24;38.707
2018-11-23;38.6718
2018-11-22;38.8733
2018-11-21;38.6602
2018-11-20;38.9084
2018-11-17;38.8996
2018-11-16;39.2667
2018-11-15;40.081
2018-11-14;39.8946
2018-11-13;39.8018
2018-11-10;39.4045
2018-11-09;39.0307
2018-11-08;38.9577
2018-11-07;38.8984
2018-11-06;38.656
2018-11-03;38.656
2018-11-02;38.6983
2018-11-01;38.6656
2018-10-31;38.7705
2018-10-30;38.7933
2018-10-27;38.6882
2018-10-26;38.7548
2018-10-25;38.6855
2018-10-24;38.497
2018-10-23;38.4948
2018-10-20;38.794
2018-10-19;38.7408
2018-10-18;38.5515
2018-10-17;38.6269
2018-10-16;38.7567
2018-10-13;38.8889
2018-10-12;39.2942
2018-10-11;38.9473
2018-10-10;39.1413
2018-10-09;39.4745
2018-10-06;39.2732
2018-10-05;39.0283
2018-10-04;38.5643
2018-10-03;38.4451
2018-10-02;38.6528
2018-09-29;38.6623
2018-09-28;38.8067
2018-09-27;38.7613
2018-09-26;38.8001
2018-09-25;38.9976
2018-09-22;39.0508
2018-09-21;39.1821
2018-09-20;39.4989
2018-09-19;39.9363
2018-09-18;40.1979
2018-09-15;40.2491
2018-09-14;40.458
2018-09-13;41.0096
2018-09-12;41.2463
2018-09-11;41.1839
2018-09-08;40.6888
2018-09-07;40.2302
2018-09-06;40.3553
2018-09-05;40.2439
2018-09-04;39.9318
2018-09-01;40.1089
2018-08-31;40.1309
2018-08-30;40.1681
2018-08-29;39.7236
2018-08-28;39.7267
2018-08-25;39.9594
2018-08-24;40.3925
2018-08-23;39.8564
2018-08-22;39.5982
2018-08-21;39.5996
2018-08-18;39.4198
2018-08-17;39.4301
2018-08-16;39.126
2018-08-15;39.2321
2018-08-14;40.096
2018-08-11;39.3227
2018-08-10;38.9572
2018-08-09;37.3758
2018-08-08;37.345
2018-08-07;37.3185
2018-08-04;37.2935
2018-08-03;37.106
2018-08-02;36.767
2018-08-01;36.644
2018-07-31;36.8971
2018-07-28;37.01
2018-07-27;36.9951
2018-07-26;37.0753
2018-07-25;36.9812
2018-07-24;37.1412
2018-07-21;37.3134
2018-07-20;37.1875
2018-07-19;36.9677
2018-07-18;36.6942
2018-07-17;36.5887
2018-07-14;36.6109
2018-07-13;36.5596
2018-07-12;36.496
2018-07-11;36.6995
2018-07-10;36.9285
2018-07-07;37.0976
2018-07-06;37.1792
2018-07-05;37.1594
2018-07-04;37.1551
2018-07-03;37.1081
2018-06-30;36.883
2018-06-29;37.1972
2018-06-28;37.106
2018-06-27;36.9032
2018-06-26;36.9966
2018-06-23;37.167
2018-06-22;37.4889
2018-06-21;37.3891
2018-06-20;37.654
2018-06-19;37.3105
2018-06-16;36.8411
2018-06-15;36.586
2018-06-14;37.0946
2018-06-10;36.4409
2018-06-09;36.831
2018-06-08;36.3282
2018-06-07;36.4422
2018-06-06;36.428
2018-06-05;36.3967
2018-06-02;36.5593
2018-06-01;36.4495
2018-05-31;36.7874
2018-05-30;36.8158
2018-05-29;36.5977
2018-05-26;36.2421
2018-05-25;36.0911
2018-05-24;36.2001
2018-05-23;36.0041
2018-05-22;36.7515
2018-05-19;36.4036
2018-05-18;36.3335
2018-05-17;36.6167
2018-05-16;36.3893
2018-05-15;36.3023
2018-05-12;36.2829
2018-05-11;36.7458
2018-05-09;37.03
2018-05-08;36.8585
2018-05-05;37.1444
2018-05-04;37.3118
2018-04-29;36.2614
2018-04-28;36.8651
2018-04-27;36.7927
2018-04-26;36.2912
2018-04-25;36.2199
2018-04-24;36.2793
2018-04-21;36.0189
2018-04-20;35.7464
2018-04-19;36.155
2018-04-18;35.9151
2018-04-17;36.5811
2018-04-14;36.0829
2018-04-13;36.5094
2018-04-12;37.6839
2018-04-11;36.6882
2018-04-10;34.4032
2018-04-07;33.9696
2018-04-06;33.8206
2018-04-05;33.9293
2018-04-04;33.7959
2018-04-03;33.6476
2018-03-31;33.6358
2018-03-30;33.9281
2018-03-29;33.809
2018-03-28;33.5828
2018-03-27;33.4825
2018-03-24;33.5431
2018-03-23;33.3857
2018-03-22;33.7712
2018-03-21;33.8933
2018-03-20;33.8045
2018-03-17;33.7705
2018-03-16;33.4912
2018-03-15;33.4433
2018-03-14;33.4425
2018-03-13;33.2524
2018-03-08;33.3633
2018-03-07;33.1889
2018-03-06;33.5389
2018-03-03;33.2814
2018-03-02;33.1474
2018-03-01;33.1126
2018-02-28;32.7
2018-02-27;32.8463
2018-02-23;33.3397
2018-02-22;33.2768
2018-02-21;33.1983
2018-02-20;33.0947
2018-02-17;33.1016
2018-02-16;33.2404
2018-02-15;33.8267
2018-02-14;33.9325
2018-02-13;34.0776
2018-02-10;34.1685
2018-02-09;33.8758
2018-02-08;33.4527
2018-02-07;33.6092
2018-02-06;33.2616
2018-02-03;32.9071
2018-02-02;33.0366
2018-02-01;32.9912
2018-01-31;33.0543
2018-01-30;33.0539
2018-01-27;32.7826
2018-01-26;32.8413
2018-01-25;33.1115
2018-01-24;33.1248
2018-01-23;33.2508
2018-01-20;33.2291
2018-01-19;33.3292
2018-01-18;33.2311
2018-01-17;33.1109
2018-01-16;33.0927
2018-01-13;33.2366
2018-01-12;33.4678
2018-01-11;33.396
2018-01-10;33.4975
2017-12-30;33.8228
2017-12-29;33.8995
2017-12-28;33.7967
2017-12-27;34.1623
2017-12-26;34.2346
2017-12-23;34.3031
2017-12-22;34.3861
2017-12-21;34.4786
2017-12-20;34.4167
2017-12-19;34.4651
2017-12-16;34.5853
2017-12-15;34.4734
2017-12-14;34.7297
2017-12-13;34.6712
2017-12-12;34.8748
2017-12-09;34.8712
2017-12-08;34.8793
2017-12-07;34.6636
2017-12-06;34.5249
2017-12-05;34.7313
2017-12-02;34.4529
2017-12-01;34.4901
2017-11-30;34.3427
2017-11-29;34.3906
2017-11-28;34.311
2017-11-25;34.4609
2017-11-24;34.3895
2017-11-23;34.7401
2017-11-22;35.0076
2017-11-21;34.8982
2017-11-18;35.1089
2017-11-17;35.3193
2017-11-16;35.4719
2017-11-15;35.102
2017-11-14;34.8439
2017-11-11;34.9019
2017-11-10;34.8853
2017-11-09;34.8825
2017-11-08;34.3857
2017-11-04;34.4007
2017-11-03;34.1989
2017-11-02;34.2394
2017-11-01;34.187
2017-10-31;34.2841
2017-10-28;34.1968
2017-10-27;34.009
2017-10-26;34.1315
2017-10-25;33.9036
2017-10-24;33.8361
2017-10-21;33.8603
2017-10-20;33.8631
2017-10-19;33.6875
2017-10-18;33.723
2017-10-17;33.5741
2017-10-14;33.8879
2017-10-13;33.9275
2017-10-12;34.0652
2017-10-11;34.1596
2017-10-10;34.299
2017-10-07;33.9732
2017-10-06;33.8673
2017-10-05;33.9901
2017-10-04;34.0769
2017-10-03;34.0039
2017-09-30;34.1236
2017-09-29;34.3639
2017-09-28;34.1196
2017-09-27;33.8186
2017-09-26;33.8464
2017-09-23;33.8974
2017-09-22;34.2495
2017-09-21;34.1935
2017-09-20;34.4701
2017-09-19;33.8826
2017-09-16;33.8433
2017-09-15;33.9827
2017-09-14;33.9063
2017-09-13;33.9553
2017-09-12;33.6113
2017-09-09;33.7958
2017-09-08;33.5946
2017-09-07;33.7286
2017-09-06;34.0096
2017-09-05;33.9693
2017-09-02;34.1303
2017-09-01;34.4182
2017-08-31;34.5271
2017-08-30;34.4306
2017-08-29;34.4211
2017-08-26;34.7743
2017-08-25;34.7697
2017-08-24;35.0719
2017-08-23;34.7128
2017-08-22;35.0776
2017-08-19;35.2083
2017-08-18;34.836
2017-08-17;35.3808
2017-08-16;35.2364
2017-08-15;35.1759
2017-08-12;35.4043
2017-08-11;35.2383
2017-08-10;35.2567
2017-08-09;35.2874
2017-08-08;35.3131
2017-08-05;35.7945
2017-08-04;36.045
2017-08-03;35.9451
2017-08-02;35.1845
2017-08-01;35.3127
2017-07-29;35.327
2017-07-28;34.9472
2017-07-27;35.2206
2017-07-26;35.1625
2017-07-25;35.3839
2017-07-22;34.954
2017-07-21;34.7196
2017-07-20;34.8133
2017-07-19;35.2117
2017-07-18;34.6996
2017-07-15;35.1784
2017-07-14;35.3605
2017-07-13;35.9565
2017-07-12;35.6831
2017-07-11;35.4256
2017-07-08;35.4713
2017-07-07;35.391
2017-07-06;35.0463
2017-07-05;34.7979
2017-07-04;34.6451
2017-07-01;34.89
2017-06-30;35.0427
2017-06-29;34.9791
2017-06-28;34.5931
2017-06-27;34.6618
2017-06-24;35.0466
2017-06-23;35.3813
2017-06-22;35.2941
2017-06-21;34.458
2017-06-20;34.3723
2017-06-17;34.2432
2017-06-16;33.7448
2017-06-15;33.5019
2017-06-14;33.433
2017-06-10;33.807
2017-06-09;33.4777
2017-06-08;33.5614
2017-06-07;33.2969
2017-06-06;33.262
2017-06-03;33.3045
2017-06-02;33.2182
2017-06-01;33.3065
2017-05-31;33.2061
2017-05-30;33.32
2017-05-27;33.5834
2017-05-26;32.9417
2017-05-25;33.0617
2017-05-24;33.2228
2017-05-23;33.1897
2017-05-20;33.5782
2017-05-19;34.1058
2017-05-18;33.3323
2017-05-17;33.0457
2017-05-16;33.2016
2017-05-13;33.5765
2017-05-12;33.5464
2017-05-11;34.1139
2017-05-06;34.3817
2017-05-05;33.8178
2017-05-04;33.5366
2017-05-03;33.4519
2017-04-29;33.4707
2017-04-28;33.5122
2017-04-27;33.0767
2017-04-26;33.2908
2017-04-25;32.6233
2017-04-22;33.0341
2017-04-21;33.1433
2017-04-20;33.0016
2017-04-19;32.6906
2017-04-18;32.7361
2017-04-15;32.716
2017-04-14;33.0483
2017-04-13;33.625
2017-04-12;34.2073
2017-04-11;33.3118
2017-04-08;33.7805
2017-04-07;33.1494
2017-04-06;32.7824
2017-04-05;32.4806
2017-04-04;32.7345
2017-04-01;32.6301
2017-03-31;32.9214
2017-03-30;33.3669
2017-03-29;32.8637
2017-03-28;33.4448
2017-03-25;33.0407
2017-03-24;32.9172
2017-03-23;33.1432
2017-03-22;32.911
2017-03-21;33.0743
2017-03-18;33.9791
2017-03-17;33.9613
2017-03-16;34.4681
2017-03-15;33.8816
2017-03-14;33.5029
2017-03-11;33.5509
2017-03-10;33.0981
2017-03-09;32.732
2017-03-08;32.732
2017-03-07;32.7736
2017-03-04;33.049
2017-03-03;32.7667
2017-03-02;32.6588
2017-03-01;32.8531
2017-02-28;32.6406
2017-02-23;32.0648
2017-02-22;33.3443
2017-02-21;32.5017
2017-02-18;32.2881
2017-02-17;33.0427
2017-02-16;32.0836
2017-02-15;33.3731
2017-02-14;32.8126
2017-02-11;33.7321
2017-02-10;32.8913
2017-02-09;32.6062
2017-02-08;31.5647
2017-02-07;30.7393
2017-02-04;30.5867
2017-02-03;30.7352
2017-02-02;31.1953
2017-02-01;31.063
2017-01-31;31.3588
2017-01-28;31.0142
2017-01-27;30.661
2017-01-26;31.3073
2017-01-25;31.3432
2017-01-24;31.7487
2017-01-21;32.2382
2017-01-20;32.4134
2017-01-19;32.0428
2017-01-18;32.1611
2017-01-17;33.3613
2017-01-14;33.2289
2017-01-13;33.535
2017-01-12;33.3249
2017-01-11;33.2096
2017-01-10;33.1779
2016-12-31;33.6665
2016-12-30;33.539
2016-12-29;33.7582
2016-12-28;33.9405
2016-12-27;33.9682
2016-12-24;33.9372
2016-12-23;34.0346
2016-12-22;34.1717
2016-12-21;34.6549
2016-12-20;34.6529
2016-12-17;34.6296
2016-12-16;35.2957
2016-12-15;34.1982
2016-12-14;34.4342
2016-12-13;34.7225
2016-12-10;35.8697
2016-12-09;36.0478
2016-12-08;36.7962
2016-12-07;36.3831
2016-12-06;36.8673
2016-12-03;36.9842
2016-12-02;36.3205
2016-12-01;37.2088
2016-11-30;37.1964
2016-11-29;37.7502
2016-11-26;37.1151
2016-11-25;37.6927
2016-11-24;35.9297
2016-11-23;36.7687
2016-11-22;37.1904
2016-11-19;38.0916
2016-11-18;38.0981
2016-11-17;37.8815
2016-11-16;38.664
2016-11-15;38.366
2016-11-12;38.6607
2016-11-11;37.7882
2016-11-10;38.2981
2016-11-09;37.725
2016-11-08;38.0311
2016-11-05;38.0356
2016-11-04;38.0356
2016-11-03;37.9831
2016-11-02;38.1059
2016-11-01;38.1149
2016-10-29;38.4004
2016-10-28;38.2176
2016-10-27;37.9332
2016-10-26;37.9893
2016-10-25;38.2466
2016-10-22;38.5208
2016-10-21;38.6498
2016-10-20;38.8239
2016-10-19;39.0888
2016-10-18;39.251
2016-10-15;39.1507
2016-10-14;39.331
2016-10-13;38.8608
2016-10-12;38.8571
2016-10-11;38.6881
2016-10-08;38.5634
2016-10-07;38.6172
2016-10-06;38.7579
2016-10-05;38.6865
2016-10-04;38.6813
2016-10-01;38.8147
2016-09-30;38.5722
2016-09-29;39.0564
2016-09-28;38.8035
2016-09-27;39.3755
2016-09-24;38.9084
2016-09-23;38.7712
2016-09-22;39.1652
2016-09-21;39.5549
2016-09-20;39.3605
2016-09-17;39.3951
2016-09-16;39.5302
2016-09-15;38.9601
2016-09-14;39.5112
2016-09-13;39.6598
2016-09-10;39.1158
2016-09-09;39.0008
2016-09-08;39.2492
2016-09-07;39.6227
2016-09-06;39.5822
2016-09-03;39.563
2016-09-02;39.1979
2016-09-01;39.9813
2016-08-31;39.8693
2016-08-30;39.976
2016-08-27;39.3712
2016-08-26;39.979
2016-08-25;39.5015
2016-08-24;39.575
2016-08-23;39.2324
2016-08-20;39.5369
2016-08-19;39.315
2016-08-18;39.1978
2016-08-17;39.6622
2016-08-16;39.4808
2016-08-13;39.56
2016-08-12;40.0356
2016-08-11;40.0085
2016-08-10;40.0772
2016-08-09;40.2598
2016-08-06;40.6263
2016-08-05;41.2206
2016-08-04;41.5217
2016-08-03;41.6916
2016-08-02;41.1963
2016-07-30;41.8808
2016-07-29;41.3798
2016-07-28;41.3874
2016-07-27;41.3646
2016-07-26;40.927
2016-07-23;41.1009
2016-07-22;40.312
2016-07-21;40.2912
2016-07-20;40.0975
2016-07-19;40.2573
2016-07-16;40.3408
2016-07-15;40.5132
2016-07-14;41.0657
2016-07-13;40.8717
2016-07-12;41.1475
2016-07-09;41.2592
2016-07-08;41.5235
2016-07-07;41.8998
2016-07-06;41.3536
2016-07-05;40.9783
2016-07-02;41.192
2016-07-01;41.3769
2016-06-30;41.5127
2016-06-29;41.956
2016-06-28;42.4333
2016-06-25;42.7398
2016-06-24;41.6993
2016-06-23;41.5197
2016-06-22;42.1091
2016-06-21;41.9671
2016-06-18;42.8945
2016-06-17;43.2561
2016-06-16;43.595
2016-06-15;43.4526
2016-06-14;42.5989
2016-06-11;42.5989
2016-06-10;42.045
2016-06-09;42.8569
2016-06-08;43.2937
2016-06-07;43.7662
2016-06-04;44.5627
2016-06-03;44.5826
2016-06-02;44.6995
2016-06-01;44.3195
2016-05-31;44.3328
2016-05-28;44.3498
2016-05-27;43.7626
2016-05-26;44.2248
2016-05-25;44.7742
2016-05-24;44.8718
2016-05-21;44.3344
2016-05-20;44.0907
2016-05-19;43.327
2016-05-18;42.9148
2016-05-17;43.2597
2016-05-14;43.0631
2016-05-13;43.0545
2016-05-12;43.948
2016-05-11;44.0511
2016-05-07;43.8799
2016-05-06;43.7325
2016-05-05;43.8834
2016-05-04;42.7266
2016-05-03;42.7266
2016-04-30;42.7266
2016-04-29;43.2474
2016-04-28;43.3458
2016-04-27;44.2862
2016-04-26;44.3133
2016-04-23;44.1465
2016-04-22;42.9835
2016-04-21;43.6518
2016-04-20;43.283
2016-04-19;45.0138
2016-04-16;43.3994
2016-04-15;43.6952
2016-04-14;43.0858
2016-04-13;43.4654
2016-04-12;43.9616
2016-04-09;44.2953
2016-04-08;44.6232
2016-04-07;45.184
2016-04-06;45.427
2016-04-05;45.4984
2016-04-02;44.0182
2016-04-01;44.0018
2016-03-31;43.3771
2016-03-30;43.6456
2016-03-29;41.9357
2016-03-26;42.7743
2016-03-25;43.0911
2016-03-24;42.3523
2016-03-23;42.4372
2016-03-22;43.0108
2016-03-19;42.3205
2016-03-18;42.0741
2016-03-17;43.3532
2016-03-16;42.7002
2016-03-15;42.2412
2016-03-12;42.2136
2016-03-11;42.9227
2016-03-10;43.9317
2016-03-05;44.9929
2016-03-04;46.071
2016-03-03;46.1747
2016-03-02;47.207
2016-03-01;48.4825
2016-02-27;48.0609
2016-02-26;48.9071
2016-02-25;48.9917
2016-02-24;49.3902
2016-02-23;49.3902
2016-02-21;49.3902
2016-02-20;48.8428
2016-02-19;48.2341
2016-02-18;49.6653
2016-02-17;48.6287
2016-02-16;49.5062
2016-02-13;50.0473
2016-02-12;50.5233
2016-02-11;50.3559
2016-02-10;49.8388
2016-02-09;48.588
2016-02-06;48.7863
2016-02-05;47.4
2016-02-04;49.077
2016-02-03;48.8879
2016-02-02;47.7876
2016-01-30;46.9592
2016-01-29;47.4385
2016-01-28;48.3724
2016-01-27;50.9839
2016-01-26;47.6257
2016-01-23;49.403
2016-01-22;51.2547
2016-01-21;49.7473
2016-01-20;48.1245
2016-01-19;49.5701
2016-01-16;47.91
2016-01-15;47.8837
2016-01-14;48.7358
2016-01-13;48.8391
2016-01-12;48.5556
2016-01-09;46.6871
2016-01-06;46.6871
2016-01-01;46.6871
2015-12-31;46.7377
2015-12-30;46.5442
2015-12-29;45.4897
2015-12-26;45.2181
2015-12-25;44.7685
2015-12-24;45.6956
2015-12-23;45.852
2015-12-22;68.1022
2015-12-19;67.9317
2015-12-18;67.226
2015-12-17;67.2859
2015-12-16;67.5145
2015-12-15;66.9186
2015-12-12;65.9128
2015-12-11;65.9694
2015-12-10;65.9299
2015-12-09;66.0025
2015-12-08;65.2592
2015-12-05;64.4781
2015-12-04;64.4683
2015-12-03;63.4956
2015-12-02;63.0252
2015-12-01;63.4865
2015-11-28;63.296
2015-11-27;62.765
2015-11-26;62.3075
2015-11-25;62.4367
2015-11-24;62.4082
2015-11-21;61.9791
2015-11-20;61.7856
2015-11-19;61.8942
2015-11-18;62.5704
2015-11-17;63.2598
2015-11-14;63.4492
2015-11-13;62.3194
2015-11-12;61.4712
2015-11-11;61.3187
2015-11-10;61.5933
2015-11-07;60.8535
2015-11-06;60.3858
2015-11-04;60.8641
2015-11-03;60.8134
2015-10-31;61.3497
2015-10-30;61.1362
2015-10-29;62.2649
2015-10-28;60.54
2015-10-27;59.5842
2015-10-24;59.0527
2015-10-23;59.9416
2015-10-22;59.7965
2015-10-21;59.3375
2015-10-20;58.6614
2015-10-17;58.6435
2015-10-16;59.4549
2015-10-15;60.2738
2015-10-14;59.4021
2015-10-13;58.386
2015-10-10;58.5675
2015-10-09;59.441
2015-10-08;59.8455
2015-10-07;62.0969
2015-10-06;62.6131
2015-10-03;62.9032
2015-10-02;62.0254
2015-10-01;62.7256
2015-09-30;63.203
2015-09-29;62.5269
2015-09-26;62.6349
2015-09-25;63.4383
2015-09-24;62.9862
2015-09-23;63.1317
2015-09-22;63.14
2015-09-19;62.6797
2015-09-18;62.3865
2015-09-17;62.9197
2015-09-16;64.1856
2015-09-15;64.8755
2015-09-12;64.9068
2015-09-11;65.3464
2015-09-10;64.5062
2015-09-09;65.7365
2015-09-08;65.3185
2015-09-05;64.548
2015-09-04;63.9349
2015-09-03;63.6278
2015-09-02;62.3623
2015-09-01;63.6595
2015-08-29;63.4392
2015-08-28;64.3888
2015-08-27;66.2216
2015-08-26;66.8317
2015-08-25;67.5707
2015-08-22;65.0077
2015-08-21;63.8573
2015-08-20;62.5568
2015-08-19;62.6703
2015-08-18;62.4556
2015-08-15;61.9326
2015-08-14;61.0384
2015-08-13;61.9858
2015-08-12;60.24
2015-08-11;61.5965
2015-08-08;60.8173
2015-08-07;60.748
2015-08-06;59.7375
2015-08-05;59.8594
2015-08-04;59.4421
2015-08-01;57.412
2015-07-31;56.219
2015-07-30;56.9856
2015-07-29;57.339
2015-07-28;56.0252
2015-07-25;55.2264
2015-07-24;54.5745
2015-07-23;54.2561
2015-07-22;54.2158
2015-07-21;54.153
2015-07-18;54.1613
2015-07-17;54.1869
2015-07-16;54.0071
2015-07-15;54.3056
2015-07-14;53.9843
2015-07-11;53.9597
2015-07-10;54.329
2015-07-09;54.5343
2015-07-08;54.5464
2015-07-07;53.7762
2015-07-04;53.1291
2015-07-03;52.9851
2015-07-02;52.9095
2015-07-01;53.2684
2015-06-30;52.9254
2015-06-27;52.4071
2015-06-26;52.0918
2015-06-25;51.5094
2015-06-24;51.7302
2015-06-23;51.0649
2015-06-20;51.3659
2015-06-19;50.9167
2015-06-18;51.4361
2015-06-17;51.6841
2015-06-16;52.7416
2015-06-12;51.9715
2015-06-11;52.321
2015-06-10;53.3696
2015-06-09;53.5891
2015-06-06;53.6599
2015-06-05;52.4771
2015-06-04;50.5372
2015-06-03;50.9159
2015-06-02;50.3348
2015-05-30;50.478
2015-05-29;49.8102
2015-05-28;48.5976
2015-05-27;47.8804
2015-05-26;47.4508
2015-05-23;47.5868
2015-05-22;47.6067
2015-05-21;47.4887
2015-05-20;46.9387
2015-05-19;47.0036
2015-05-16;47.7574
2015-05-15;47.8112
2015-05-14;47.2002
2015-05-13;48.6843
2015-05-12;48.4174
2015-05-09;48.4174
2015-05-08;48.0778
2015-05-07;47.6197
2015-05-06;49.3633
2015-05-05;48.764
2015-05-02;48.764
2015-05-01;48.764
2015-04-30;49.1987
2015-04-29;49.7518
2015-04-28;48.9528
2015-04-25;47.7772
2015-04-24;49.1158
2015-04-23;50.9985
2015-04-22;51.3001
2015-04-21;48.988
2015-04-18;48.105
2015-04-17;47.2105
2015-04-16;47.9796
2015-04-15;49.3636
2015-04-14;49.6797
2015-04-11;48.4744
2015-04-10;49.8978
2015-04-09;51.3711
2015-04-08;52.718
2015-04-07;53.8659
2015-04-04;54.123
2015-04-03;54.354
2015-04-02;55.6544
2015-04-01;54.9833
2015-03-31;55.7387
2015-03-28;55.1734
2015-03-27;53.8118
2015-03-26;54.7281
2015-03-25;56.0471
2015-03-24;56.6901
2015-03-21;57.2517
2015-03-20;57.0578
2015-03-19;58.4938
2015-03-18;58.8778
2015-03-17;59.2353
2015-03-14;58.4581
2015-03-13;58.1176
2015-03-12;59.712
2015-03-11;57.7981
2015-03-10;57.1642
2015-03-07;57.1642
2015-03-06;58.9343
2015-03-05;58.9393
2015-03-04;59.4178
2015-03-03;59.2279
2015-02-28;58.4766
2015-02-27;57.8144
2015-02-26;59.6555
2015-02-25;60.4496
2015-02-24;78.4887
2015-02-21;78.4887
2015-02-20;79.1272
2015-02-19;79.4906
2015-02-18;80.0654
2015-02-17;79.9377
2015-02-14;83.0817
2015-02-13;84.2675
2015-02-12;84.2153
2015-02-11;83.5421
2015-02-10;83.9695
2015-02-07;84.1958
2015-02-06;87.5814
2015-02-05;83.5423
2015-02-04;86.511
2015-02-03;88.9593
2015-01-31;88.0208
2015-01-30;87.767
2015-01-29;85.6076
2015-01-28;86.5985
2015-01-27;83.6228
2015-01-24;80.9513
2015-01-23;83.5142
2015-01-22;83.7132
2015-01-21;82.8483
2015-01-20;82.8317
2015-01-17;83.2254
2015-01-16;82.7911
2015-01-15;84.406
2015-01-14;82.8023
2015-01-13;79.98
2015-01-01;71.6951
2014-12-31;71.8406
2014-12-30;72.3791
2014-12-29;66.3364
2014-12-28;66.3364
2014-12-27;66.3364
2014-12-26;67.1892
2014-12-25;69.4688
2014-12-24;69.5674
2014-12-23;71.9028
2014-12-20;77.4901
2014-12-19;76.1115
2014-12-18;86.5489
2014-12-17;78.0787
2014-12-16;74.3736
2014-12-13;72.6496
2014-12-12;69.8447
2014-12-11;69.3089
2014-12-10;69.2269
2014-12-09;68.0729
2014-12-06;67.7408
2014-12-05;67.1679
2014-12-04;69.4535
2014-12-03;64.7218
2014-12-02;66.1645
2014-11-29;62.9911
2014-11-28;60.8722
2014-11-27;59.2904
2014-11-26;57.4404
2014-11-25;57.0948
2014-11-22;58.4164
2014-11-21;59.5419
2014-11-20;59.9482
2014-11-19;59.9231
2014-11-18;60.389
2014-11-15;60.4644
2014-11-14;58.8382
2014-11-13;59.112
2014-11-12;58.6197
2014-11-11;58.5439
2014-11-08;61.0759
2014-11-07;57.6418
2014-11-06;56.639
2014-11-01;53.5375
2014-10-31;55.364
2014-10-30;54.4176
2014-10-29;54.087
2014-10-28;53.5209
2014-10-25;53.3428
2014-10-24;52.9418
2014-10-23;52.2673
2014-10-22;52.3732
2014-10-21;52.1581
2014-10-18;52.4068
2014-10-17;52.0246
2014-10-16;52.2748
2014-10-15;51.7497
2014-10-14;51.481
2014-10-11;51.3373
2014-10-10;51.0405
2014-10-09;51.0429
2014-10-08;50.7362
2014-10-07;51.043
2014-10-04;50.6805
2014-10-03;50.4946
2014-10-02;50.6389
2014-10-01;50.2855
2014-09-30;50.2893
2014-09-27;49.4437
2014-09-26;48.9028
2014-09-25;49.0079
2014-09-24;49.3708
2014-09-23;49.2572
2014-09-20;49.0467
2014-09-19;49.0563
2014-09-18;48.9944
2014-09-17;49.4201
2014-09-16;48.5011
2014-09-13;48.0778
2014-09-12;47.7219
2014-09-11;47.4582
2014-09-10;47.2754
2014-09-09;47.3527
2014-09-06;47.1424
2014-09-05;46.9856
2014-09-04;47.6424
2014-09-03;47.5771
2014-09-02;47.5089
2014-08-30;47.0466
2014-08-29;46.2488
2014-08-28;46.1378
2014-08-27;46.1328
2014-08-26;46.1127
2014-08-23;45.9628
2014-08-22;46.3947
2014-08-21;46.2572
2014-08-20;46.1108
2014-08-19;46.0087
2014-08-16;45.9729
2014-08-15;46.0157
2014-08-14;46.249
2014-08-13;46.0789
2014-08-12;46.0259
2014-08-09;46.5349
2014-08-08;46.284
2014-08-07;46.106
2014-08-06;45.7082
2014-08-05;45.5376
2014-08-02;45.6228
2014-08-01;45.2609
2014-07-31;45.6227
2014-07-30;45.4978
2014-07-29;45.1299
2014-07-26;44.7568
2014-07-25;44.7888
2014-07-24;44.446
2014-07-23;44.7379
2014-07-22;44.8034
2014-07-19;44.8962
2014-07-18;44.4328
2014-07-17;43.898
2014-07-16;43.8814
2014-07-15;43.8063
2014-07-12;43.4804
2014-07-11;43.1958
2014-07-10;43.5029
2014-07-09;43.9497
2014-07-08;44.1326
2014-07-05;43.8192
2014-07-04;43.6549
2014-07-03;43.7248
2014-07-02;43.7021
2014-07-01;43.2117
2014-06-28;42.94
2014-06-27;43.0935
2014-06-26;43.2929
2014-06-25;43.3876
2014-06-24;43.7688
2014-06-21;43.9466
2014-06-20;43.8035
2014-06-19;44.4684
2014-06-18;44.4509
2014-06-17;44.1392
2014-06-12;43.8293
2014-06-11;43.8872
2014-06-10;43.8334
2014-06-07;44.2509
2014-06-06;44.5606
2014-06-05;44.8612
2014-06-04;44.6974
2014-06-03;44.5407
2014-05-31;44.3447
2014-05-30;44.2335
2014-05-29;44.031
2014-05-28;43.7343
2014-05-27;43.5045
2014-05-24;43.8068
2014-05-23;43.7638
2014-05-22;44.0544
2014-05-21;44.173
2014-05-20;44.3501
2014-05-17;44.4011
2014-05-16;44.3004
2014-05-15;44.3169
2014-05-14;44.5338
2014-05-13;44.9554
2014-05-09;44.7265
2014-05-08;45.3232
2014-05-07;45.5248
2014-05-06;45.7586
2014-05-01;45.6112
2014-04-30;45.5801
2014-04-29;45.9966
2014-04-26;45.8745
2014-04-25;45.5605
2014-04-24;45.5343
2014-04-23;45.5548
2014-04-22;45.5075
2014-04-19;45.3418
2014-04-18;45.8391
2014-04-17;46.0691
2014-04-16;45.8835
2014-04-15;45.9161
2014-04-12;45.4793
2014-04-11;45.3953
2014-04-10;45.6393
2014-04-09;43.2557
2014-04-08;43.3858
2014-04-05;43.6559
2014-04-04;43.9275
2014-04-03;43.8018
2014-04-02;43.9669
2014-04-01;45.4613
2014-03-29;45.5658
2014-03-28;45.4303
2014-03-27;45.2623
2014-03-26;45.8779
2014-03-25;46.1776
2014-03-22;46.4788
2014-03-21;46.1033
2014-03-20;46.2296
2014-03-19;46.5382
2014-03-18;46.7958
2014-03-15;46.7753
2014-03-14;46.5423
2014-03-13;46.5805
2014-03-12;46.472
2014-03-08;46.2936
2014-03-07;46.1191
2014-03-06;46.0678
2014-03-05;46.369
2014-03-04;46.4425
2014-03-01;46.1952
2014-02-28;46.0175
2014-02-27;45.6819
2014-02-26;45.4007
2014-02-25;45.3296
2014-02-22;45.5544
2014-02-21;45.6619
2014-02-20;45.4305
2014-02-19;44.9874
2014-02-18;44.8074
2014-02-15;45.0094
2014-02-14;44.5054
2014-02-13;44.3757
2014-02-12;44.4285
2014-02-11;44.3923
2014-02-08;44.189
2014-02-07;44.3477
2014-02-06;44.6421
2014-02-05;45.2691
2014-02-04;44.9939
2014-02-01;44.924
2014-01-31;45.001
2014-01-30;44.1309
2014-01-29;44.2097
2014-01-28;44.3173
2014-01-25;43.7436
2014-01-24;43.4487
2014-01-23;43.2386
2014-01-22;43.1713
2014-01-21;42.9502
2014-01-18;42.6839
2014-01-17;42.6363
2014-01-16;42.5788
2014-01-15;42.4341
2014-01-14;42.2832
2014-01-11;42.3927
2014-01-10;42.3215
2014-01-01;41.6884
2013-12-31;41.7784
2013-12-28;41.6495
2013-12-27;41.7041
2013-12-26;41.6756
2013-12-25;41.6497
2013-12-24;42.061
2013-12-21;42.0983
2013-12-20;42.0691
2013-12-19;42.0265
2013-12-18;41.9566
2013-12-17;41.9581
2013-12-14;41.9588
2013-12-13;41.8179
2013-12-12;41.792
2013-12-11;41.8601
2013-12-10;41.8516
2013-12-07;42.0728
2013-12-06;42.2804
2013-12-05;42.4709
2013-12-04;42.4435
2013-12-03;42.3187
2013-11-30;42.3741
2013-11-29;42.2995
2013-11-28;42.1347
2013-11-27;42.114
2013-11-26;41.8454
2013-11-23;42.0142
2013-11-22;42.1578
2013-11-21;41.805
2013-11-20;41.6313
2013-11-19;41.5751
2013-11-16;41.7271
2013-11-15;41.7357
2013-11-14;41.903
2013-11-13;41.8892
2013-11-12;41.7035
2013-11-09;41.5576
2013-11-08;41.3436
2013-11-07;41.434
2013-11-06;41.3008
2013-11-02;41.0836
2013-11-01;40.9443
2013-10-31;40.9258
2013-10-30;40.7767
2013-10-29;40.6127
2013-10-26;40.4411
2013-10-25;40.421
2013-10-24;40.5322
2013-10-23;40.7745
2013-10-22;40.732
2013-10-19;40.6614
2013-10-18;40.9622
2013-10-17;41.185
2013-10-16;41.1997
2013-10-15;41.198
2013-10-12;41.1304
2013-10-11;41.292
2013-10-10;41.299
2013-10-09;41.218
2013-10-08;41.2112
2013-10-05;40.9602
2013-10-04;40.9915
2013-10-03;41.2121
2013-10-02;41.2103
2013-10-01;41.4494
2013-09-28;41.2723
2013-09-27;41.0535
2013-09-26;40.7533
2013-09-25;40.6032
2013-09-24;40.7127
2013-09-21;40.4959
2013-09-20;40.3078
2013-09-19;41.1446
2013-09-18;41.245
2013-09-17;41.2029
2013-09-14;41.777
2013-09-13;41.6908
2013-09-12;42.0499
2013-09-11;42.1845
2013-09-10;42.5163
2013-09-07;42.6669
2013-09-06;42.6112
2013-09-05;42.7075
2013-09-04;42.5846
2013-09-03;42.4352
2013-08-31;42.4182
2013-08-30;42.3301
2013-08-29;42.332
2013-08-28;42.2426
2013-08-27;42.047
2013-08-24;42.173
2013-08-23;42.346
2013-08-22;42.069
2013-08-21;42.098
2013-08-20;41.9985
2013-08-17;42.0233
2013-08-16;42.0977
2013-08-15;42.3153
2013-08-14;42.1569
2013-08-13;41.9742
2013-08-10;41.9354
2013-08-09;42.0369
2013-08-08;42.0939
2013-08-07;42.0355
2013-08-06;41.9562
2013-08-03;42.2327
2013-08-02;42.0749
2013-08-01;42.1501
2013-07-31;41.9677
2013-07-30;41.9344
2013-07-27;41.6555
2013-07-26;41.5232
2013-07-25;41.279
2013-07-24;41.2335
2013-07-23;41.2501
2013-07-20;41.3844
2013-07-19;41.3474
2013-07-18;41.4148
2013-07-17;41.5285
2013-07-16;41.6256
2013-07-13;41.6523
2013-07-12;41.5859
2013-07-11;42.0
2013-07-10;42.2208
2013-07-09;42.523
2013-07-06;42.4001
2013-07-05;42.3181
2013-07-04;42.3946
2013-07-03;42.041
2013-07-02;41.9187
2013-06-29;41.7366
2013-06-28;41.9505
2013-06-27;41.9645
2013-06-26;41.743
2013-06-25;41.9927
2013-06-22;41.7804
2013-06-21;41.7251
2013-06-20;40.98
2013-06-19;40.6767
2013-06-18;40.4172
2013-06-15;40.5753
2013-06-14;41.2585
2013-06-12;41.3203
2013-06-11;41.2304
2013-06-08;41.1221
2013-06-07;41.0034
2013-06-06;40.8033
2013-06-05;40.6155
2013-06-04;40.8889
2013-06-01;40.5689
2013-05-31;40.3028
2013-05-30;40.2147
2013-05-29;40.0337
2013-05-28;39.9368
2013-05-25;39.9546
2013-05-24;40.152
2013-05-23;39.8367
2013-05-22;39.7717
2013-05-21;39.9804
2013-05-18;40.0524
2013-05-17;40.0824
2013-05-16;40.0971
2013-05-15;39.9053
2013-05-14;40.0379
2013-05-09;39.6617
2013-05-08;39.6566
2013-05-07;39.663
2013-05-01;39.6061
2013-04-30;39.8774
2013-04-27;39.8311
2013-04-26;39.9603
2013-04-25;40.311
2013-04-24;40.3641
2013-04-23;40.2684
2013-04-20;40.1333
2013-04-19;40.4581
2013-04-18;39.8418
2013-04-17;40.1214
2013-04-16;39.9351
2013-04-13;39.4677
2013-04-12;39.4046
2013-04-11;39.5555
2013-04-10;39.817
2013-04-09;40.3348
2013-04-06;40.3428
2013-04-05;40.4699
2013-04-04;40.0508
2013-04-03;39.7012
2013-04-02;39.6904
2013-03-30;39.6472
2013-03-29;39.536
2013-03-28;39.3661
2013-03-27;39.3793
2013-03-26;39.2328
2013-03-23;39.4547
2013-03-22;39.4034
2013-03-21;39.4702
2013-03-20;39.3221
2013-03-19;39.4015
2013-03-16;39.1832
2013-03-15;39.2512
2013-03-14;39.1798
2013-03-13;39.2168
2013-03-12;39.2266
2013-03-08;39.2333
2013-03-07;39.0479
2013-03-06;39.1435
2013-03-05;39.2691
2013-03-02;39.0792
2013-03-01;38.9139
2013-02-28;39.0514
2013-02-27;39.0214
2013-02-26;38.6998
2013-02-23;38.724
2013-02-22;38.5634
2013-02-21;38.3293
2013-02-20;38.4282
2013-02-19;38.4258
2013-02-16;38.4106
2013-02-15;38.3639
2013-02-14;38.3536
2013-02-13;38.4838
2013-02-12;38.4681
2013-02-09;38.4662
2013-02-08;38.3286
2013-02-07;38.2287
2013-02-06;38.437
2013-02-05;38.1844
2013-02-02;38.2756
2013-02-01;38.3005
2013-01-31;38.3153
2013-01-30;38.4583
2013-01-29;38.3651
2013-01-26;38.3228
2013-01-25;38.4755
2013-01-24;38.5577
2013-01-23;38.514
2013-01-22;38.5949
2013-01-19;38.5287
2013-01-18;38.7029
2013-01-17;38.6791
2013-01-16;38.5913
2013-01-15;38.5978
2013-01-12;38.5889
2013-01-11;38.7309
2013-01-10;38.8029
2012-12-30;38.7407
2012-12-29;38.7407
2012-12-28;38.8786
2012-12-27;39.0497
2012-12-26;39.0212
2012-12-25;39.2916
2012-12-22;39.1829
2012-12-21;39.2337
2012-12-20;39.2355
2012-12-19;39.5228
2012-12-18;39.2469
2012-12-15;39.1444
2012-12-14;39.0349
2012-12-13;39.1991
2012-12-12;39.2227
2012-12-11;39.3732
2012-12-08;39.4987
2012-12-07;39.442
2012-12-06;39.3307
2012-12-05;39.5281
2012-12-04;39.3273
2012-12-01;39.2947
2012-11-30;39.6078
2012-11-29;39.7153
2012-11-28;39.4605
2012-11-27;39.5614
2012-11-24;39.7048
2012-11-23;39.7353
2012-11-22;40.0788
2012-11-21;40.0846
2012-11-20;40.3925
2012-11-17;40.4571
2012-11-16;40.413
2012-11-15;40.4574
2012-11-14;40.4443
2012-11-13;40.3026
2012-11-10;40.1635
2012-11-09;40.1869
2012-11-08;39.9226
2012-11-07;40.1983
2012-11-03;40.0226
2012-11-02;40.0033
2012-11-01;40.008
2012-10-31;40.2005
2012-10-30;40.0884
2012-10-27;40.1403
2012-10-26;39.8494
2012-10-25;39.9183
2012-10-24;39.6801
2012-10-23;39.4089
2012-10-20;39.2431
2012-10-19;39.1631
2012-10-18;39.2611
2012-10-17;39.456
2012-10-16;39.6265
2012-10-13;39.4923
2012-10-12;39.7382
2012-10-11;39.7829
2012-10-10;39.6524
2012-10-09;39.6248
2012-10-06;39.4931
2012-10-05;39.6699
2012-10-04;39.7634
2012-10-03;39.6877
2012-10-02;39.8442
2012-09-29;39.4097
2012-09-28;39.7643
2012-09-27;39.7987
2012-09-26;39.7206
2012-09-25;39.8359
2012-09-22;39.7281
2012-09-21;40.2496
2012-09-20;39.3415
2012-09-19;39.362
2012-09-18;38.9938
2012-09-15;39.2888
2012-09-14;40.0296
2012-09-13;40.13
2012-09-12;40.511
2012-09-11;40.4412
2012-09-08;40.8188
2012-09-07;41.0555
2012-09-06;41.3882
2012-09-05;41.0551
2012-09-04;41.3325
2012-09-01;41.5235
2012-08-31;41.1696
2012-08-30;40.9156
2012-08-29;40.8084
2012-08-28;40.6302
2012-08-25;40.5532
2012-08-24;40.3914
2012-08-23;40.5477
2012-08-22;40.7453
2012-08-21;40.8165
2012-08-18;40.5952
2012-08-17;40.6642
2012-08-16;40.6032
2012-08-15;40.5021
2012-08-14;40.6255
2012-08-11;40.6647
2012-08-10;40.1335
2012-08-09;40.3858
2012-08-08;40.3574
2012-08-07;40.7203
2012-08-04;41.4737
2012-08-03;41.372
2012-08-02;41.2138
2012-08-01;41.0474
2012-07-31;41.0249
2012-07-28;41.0567
2012-07-27;41.5784
2012-07-26;42.0159
2012-07-25;41.5858
2012-07-24;41.2591
2012-07-21;40.7173
2012-07-20;40.8773
2012-07-19;41.2844
2012-07-18;41.4114
2012-07-17;41.5816
2012-07-14;41.6197
2012-07-13;41.7052
2012-07-12;41.846
2012-07-11;42.0283
2012-07-10;42.0478
2012-07-07;41.5804
2012-07-06;41.377
2012-07-05;41.0483
2012-07-04;41.3955
2012-07-03;41.459
2012-06-30;41.8263
2012-06-29;41.9847
2012-06-28;41.8377
2012-06-27;42.2427
2012-06-26;42.2162
2012-06-23;42.7158
2012-06-22;41.9337
2012-06-21;41.4277
2012-06-20;41.4414
2012-06-19;40.9318
2012-06-16;41.2669
2012-06-15;41.5094
2012-06-14;41.7088
2012-06-10;41.5217
2012-06-09;41.7123
2012-06-08;41.0092
2012-06-07;41.7799
2012-06-06;42.3093
2012-06-05;43.3679
2012-06-02;42.9843
2012-06-01;41.9489
2012-05-31;41.3335
2012-05-30;40.8375
2012-05-29;40.5491
2012-05-26;40.4602
2012-05-25;40.2504
2012-05-24;39.9393
2012-05-23;39.5674
2012-05-22;39.6869
2012-05-19;39.9848
2012-05-18;39.4061
2012-05-17;39.4646
2012-05-16;38.627
2012-05-15;38.5593
2012-05-13;38.4499
2012-05-12;38.5152
2012-05-11;38.4428
2012-05-06;37.9713
2012-05-05;37.699
2012-05-04;37.5181
2012-05-03;37.4055
2012-04-29;37.3952
2012-04-28;37.4725
2012-04-27;37.2908
2012-04-26;37.3152
2012-04-25;37.5031
2012-04-24;37.5643
2012-04-21;37.6069
2012-04-20;37.5904
2012-04-19;37.5625
2012-04-18;37.7539
2012-04-17;37.9126
2012-04-14;37.5428
2012-04-13;37.6531
2012-04-12;37.9563
2012-04-11;37.7431
2012-04-10;37.743
2012-04-07;37.5199
2012-04-06;37.4861
2012-04-05;37.4838
2012-04-04;37.3035
2012-04-03;37.3621
2012-03-31;37.337
2012-03-30;37.2966
2012-03-29;37.0409
2012-03-28;36.8608
2012-03-27;37.2228
2012-03-24;37.4428
2012-03-23;37.2402
2012-03-22;37.1933
2012-03-21;37.1389
2012-03-20;37.2118
2012-03-17;37.3699
2012-03-16;37.6651
2012-03-15;37.5812
2012-03-14;37.5768
2012-03-13;37.7774
2012-03-12;37.617
2012-03-08;37.7813
2012-03-07;37.5122
2012-03-06;37.2921
2012-03-03;37.315
2012-03-02;37.3107
2012-03-01;36.9702
2012-02-29;36.87
2012-02-28;37.0754
2012-02-25;37.5003
2012-02-23;37.8888
2012-02-22;37.9116
2012-02-21;37.908
2012-02-18;38.2094
2012-02-17;38.4789
2012-02-16;38.1404
2012-02-15;38.3223
2012-02-14;38.0439
2012-02-11;38.0503
2012-02-10;37.7938
2012-02-09;37.811
2012-02-08;38.3129
2012-02-07;38.4979
2012-02-04;38.4469
2012-02-03;38.3795
2012-02-02;38.7051
2012-02-01;38.5859
2012-01-31;38.6516
2012-01-28;38.6489
2012-01-27;38.6456
2012-01-26;39.0414
2012-01-25;39.3064
2012-01-24;39.8785
2012-01-21;39.8217
2012-01-20;40.0633
2012-01-19;40.1461
2012-01-18;40.1483
2012-01-17;40.6445
2012-01-14;40.1973
2012-01-13;40.3216
2012-01-12;40.3368
2012-01-11;40.5714
2011-12-31;40.9776
2011-12-30;40.7531
2011-12-29;40.1773
2011-12-28;39.5681
2011-12-27;39.7487
2011-12-24;39.7881
2011-12-23;40.1774
2011-12-22;40.4283
2011-12-21;40.7941
2011-12-20;40.7691
2011-12-17;40.4354
2011-12-16;40.6004
2011-12-15;40.4347
2011-12-14;40.3085
2011-12-13;39.9814
2011-12-10;40.1796
2011-12-09;39.749
2011-12-08;39.6496
2011-12-07;39.5808
2011-12-06;39.3316
2011-12-03;39.2083
2011-12-02;39.2626
2011-12-01;39.9645
2011-11-30;39.8646
2011-11-29;39.9894
2011-11-26;40.2022
2011-11-25;40.021
2011-11-24;39.7369
2011-11-23;39.5432
2011-11-22;39.4262
2011-11-19;39.3622
2011-11-18;39.1263
2011-11-17;39.2638
2011-11-16;39.0325
2011-11-15;38.5592
2011-11-12;38.8597
2011-11-11;39.2635
2011-11-10;38.3091
2011-11-09;38.8157
2011-11-08;38.9023
2011-11-04;39.2515
2011-11-03;39.0468
2011-11-02;38.9933
2011-11-01;38.3459
2011-10-29;38.0572
2011-10-28;38.4955
2011-10-27;38.917
2011-10-26;38.8053
2011-10-25;39.2232
2011-10-22;39.8729
2011-10-21;39.9221
2011-10-20;39.3457
2011-10-19;39.4063
2011-10-18;39.1106
2011-10-15;39.4331
2011-10-14;39.7065
2011-10-13;39.9785
2011-10-12;39.9885
2011-10-11;40.7299
2011-10-08;40.9728
2011-10-07;41.3647
2011-10-06;41.5287
2011-10-05;41.5828
2011-10-04;41.4671
2011-10-01;40.9828
2011-09-30;40.5123
2011-09-29;40.4346
2011-09-28;40.9456
2011-09-27;41.3159
2011-09-24;40.9023
2011-09-23;40.6504
2011-09-22;40.0155
2011-09-21;40.1223
2011-09-20;39.3223
2011-09-17;38.8953
2011-09-16;38.8589
2011-09-15;38.6806
2011-09-14;38.455
2011-09-13;38.6031
2011-09-10;37.8222
2011-09-09;37.5815
2011-09-08;37.5675
2011-09-07;37.7206
2011-09-06;37.3804
2011-09-03;37.0196
2011-09-02;36.8039
2011-09-01;36.8507
2011-08-31;36.7604
2011-08-30;36.5045
2011-08-27;36.7091
2011-08-26;36.7228
2011-08-25;36.7545
2011-08-24;36.824
2011-08-23;37.2065
2011-08-20;37.2261
2011-08-19;36.7644
2011-08-18;36.5171
2011-08-17;36.4949
2011-08-16;36.6865
2011-08-13;37.4335
2011-08-12;37.3977
2011-08-11;37.2619
2011-08-10;37.4734
2011-08-09;36.3325
2011-08-06;36.0354
2011-08-05;35.4059
2011-08-04;35.4776
2011-08-03;35.3661
2011-08-02;34.991
2011-07-30;35.1889
2011-07-29;35.0759
2011-07-28;34.9026
2011-07-27;35.028
2011-07-26;35.2718
2011-07-23;35.2408
2011-07-22;35.4883
2011-07-21;35.6645
2011-07-20;35.8058
2011-07-19;35.8401
2011-07-16;35.7677
2011-07-15;35.6783
2011-07-14;35.9259
2011-07-13;36.0938
2011-07-12;35.6984
2011-07-09;35.4403
2011-07-08;35.5595
2011-07-07;35.4393
2011-07-06;35.412
2011-07-05;35.3377
2011-07-02;35.4056
2011-07-01;35.4298
2011-06-30;35.679
2011-06-29;35.8816
2011-06-28;36.0155
2011-06-25;35.7839
2011-06-24;35.6458
2011-06-23;35.4325
2011-06-22;35.5796
2011-06-21;35.782
2011-06-18;35.7677
2011-06-17;35.7787
2011-06-16;35.3917
2011-06-15;35.3951
2011-06-11;35.2495
2011-06-10;35.1253
2011-06-09;35.1017
2011-06-08;35.2198
2011-06-07;35.1986
2011-06-04;35.3162
2011-06-03;35.5276
2011-06-02;35.4297
2011-06-01;35.4453
2011-05-31;35.5477
2011-05-28;35.6087
2011-05-27;35.7497
2011-05-26;36.059
2011-05-25;35.9962
2011-05-24;35.8757
2011-05-21;35.3259
2011-05-20;35.38
2011-05-19;35.4796
2011-05-18;35.5695
2011-05-17;35.566
2011-05-14;35.2171
2011-05-13;35.3404
2011-05-12;34.9245
2011-05-11;35.2225
2011-05-07;34.9728
2011-05-06;34.4572
2011-05-05;34.5899
2011-05-04;34.5442
2011-04-30;34.7425
2011-04-29;34.5709
2011-04-28;34.8433
2011-04-27;35.0722
2011-04-26;35.1929
2011-04-23;35.1265
2011-04-22;35.1267
2011-04-21;35.3856
2011-04-20;35.7321
2011-04-19;35.4081
2011-04-16;35.4805
2011-04-15;35.4395
2011-04-14;35.3464
2011-04-13;35.3855
2011-04-12;35.172
2011-04-09;35.3547
2011-04-08;35.4898
2011-04-07;35.4745
2011-04-06;35.5938
2011-04-05;35.4887
2011-04-02;35.6656
2011-04-01;35.8514
2011-03-31;35.7418
2011-03-30;35.6344
2011-03-29;35.7191
2011-03-26;35.4837
2011-03-25;35.7072
2011-03-24;35.5419
2011-03-23;35.3987
2011-03-22;35.6644
2011-03-19;35.8012
2011-03-18;36.1355
2011-03-17;36.0299
2011-03-16;36.1155
2011-03-15;36.0372
2011-03-12;35.9966
2011-03-11;35.7501
2011-03-10;35.5727
2011-03-06;35.4183
2011-03-05;35.4388
2011-03-04;35.6082
2011-03-03;35.9916
2011-03-02;36.154
2011-03-01;36.3374
2011-02-26;36.3848
2011-02-25;36.6622
2011-02-23;36.8191
2011-02-22;36.6544
2011-02-19;36.7846
2011-02-18;36.7673
2011-02-17;36.8035
2011-02-16;36.818
2011-02-15;36.7844
2011-02-12;36.862
2011-02-11;36.8948
2011-02-10;36.8196
2011-02-09;36.7479
2011-02-08;36.891
2011-02-05;36.9471
2011-02-04;36.8658
2011-02-03;36.9575
2011-02-02;37.2407
2011-02-01;37.3972
2011-01-29;37.2298
2011-01-28;37.2085
2011-01-27;37.3424
2011-01-26;37.3649
2011-01-25;37.4362
2011-01-22;37.6359
2011-01-21;37.5153
2011-01-20;37.4031
2011-01-19;37.4819
2011-01-18;37.6892
2011-01-15;37.5646
2011-01-14;37.6252
2011-01-13;38.008
2011-01-12;38.2911
2011-01-08;37.9476
2011-01-01;37.9476
2010-12-31;38.1057
2010-12-30;37.9585
2010-12-29;37.8495
2010-12-28;38.0714
2010-12-25;38.2318
2010-12-24;38.2498
2010-12-23;38.408
2010-12-22;38.4081
2010-12-21;38.4779
2010-12-18;38.3448
2010-12-17;38.4506
2010-12-16;38.4095
2010-12-15;38.4405
2010-12-14;38.6354
2010-12-11;38.5851
2010-12-10;38.7386
2010-12-09;39.0635
2010-12-08;39.0395
2010-12-07;39.1182
2010-12-04;39.0899
2010-12-03;39.1995
2010-12-02;39.3292
2010-12-01;39.1767
2010-11-30;39.1424
2010-11-27;39.2022
2010-11-26;39.115
2010-11-25;39.1259
2010-11-24;39.09
2010-11-23;38.7534
2010-11-20;38.6959
2010-11-19;39.0096
2010-11-18;39.1957
2010-11-17;38.8297
2010-11-16;38.5886
2010-11-14;38.5614
2010-11-13;38.4749
2010-11-12;38.1479
2010-11-11;38.3752
2010-11-10;38.5861
2010-11-09;38.5133
2010-11-04;38.4396
2010-11-03;38.4686
2010-11-02;38.4432
2010-10-30;38.4296
2010-10-29;38.3004
2010-10-28;38.1625
2010-10-27;37.9289
2010-10-26;37.7115
2010-10-23;38.0508
2010-10-22;38.3466
2010-10-21;38.424
2010-10-20;37.9477
2010-10-19;38.0547
2010-10-16;37.5568
2010-10-15;37.3164
2010-10-14;37.56
2010-10-13;37.4969
2010-10-12;37.192
2010-10-09;37.2879
2010-10-08;36.9448
2010-10-07;37.2544
2010-10-06;37.9312
2010-10-05;37.9823
2010-10-02;37.999
2010-10-01;38.003
2010-09-30;37.8665
2010-09-29;38.1135
2010-09-28;38.1267
2010-09-25;38.5117
2010-09-24;38.5803
2010-09-23;38.5548
2010-09-22;38.6777
2010-09-21;38.5526
2010-09-18;38.6792
2010-09-17;38.6042
2010-09-16;38.2537
2010-09-15;38.2092
2010-09-14;38.1821
2010-09-11;38.4441
2010-09-10;38.4272
2010-09-09;38.4362
2010-09-08;38.2428
2010-09-07;38.0501
2010-09-04;38.1934
2010-09-03;38.1854
2010-09-02;38.3277
2010-09-01;38.4108
2010-08-31;38.1583
2010-08-28;38.1992
2010-08-27;38.3558
2010-08-26;38.4467
2010-08-25;38.2726
2010-08-24;38.0837
2010-08-21;37.9665
2010-08-20;37.9089
2010-08-19;37.8617
2010-08-18;37.8937
2010-08-17;37.9932
2010-08-14;37.8687
2010-08-13;37.9053
2010-08-12;37.6011
2010-08-11;37.3757
2010-08-10;37.1201
2010-08-07;37.1266
2010-08-06;37.1665
2010-08-05;37.0825
2010-08-04;37.297
2010-08-03;37.5683
2010-07-31;37.5646
2010-07-30;37.6024
2010-07-29;37.5891
2010-07-28;37.6342
2010-07-27;37.7108
2010-07-24;37.8097
2010-07-23;37.9797
2010-07-22;37.8418
2010-07-21;37.8417
2010-07-20;38.0414
2010-07-17;37.9016
2010-07-16;38.0312
2010-07-15;38.0027
2010-07-14;38.3808
2010-07-13;38.4252
2010-07-10;38.3169
2010-07-09;38.4972
2010-07-08;38.6863
2010-07-07;38.7018
2010-07-06;38.7018
2010-07-03;38.8132
2010-07-02;39.0324
2010-07-01;38.8749
2010-06-30;38.8099
2010-06-29;38.5412
2010-06-26;38.6567
2010-06-25;38.5805
2010-06-24;38.5239
2010-06-23;38.4326
2010-06-22;38.2316
2010-06-19;38.4368
2010-06-18;38.8119
2010-06-17;38.7713
2010-06-16;39.1433
2010-06-12;39.1279
2010-06-11;39.2861
2010-06-10;39.4752
2010-06-09;39.343
2010-06-08;39.5369
2010-06-05;38.6568
2010-06-04;38.4443
2010-06-03;38.808
2010-06-02;38.6638
2010-06-01;38.2529
2010-05-29;37.944
2010-05-28;38.4253
2010-05-27;39.0167
2010-05-26;39.1155
2010-05-25;38.4214
2010-05-22;38.6481
2010-05-21;38.2729
2010-05-20;38.1972
2010-05-19;37.8278
2010-05-18;38.2109
2010-05-15;37.4082
2010-05-14;37.162
2010-05-13;37.5822
2010-05-12;37.7858
2010-05-08;38.2271
2010-05-07;37.7064
2010-05-06;36.9445
2010-05-05;36.4678
2010-05-01;36.2879
2010-04-30;36.4513
2010-04-29;36.5652
2010-04-28;36.1786
2010-04-27;36.2064
2010-04-24;36.4289
2010-04-23;36.2479
2010-04-22;36.2003
2010-04-21;36.264
2010-04-20;36.3371
2010-04-17;36.137
2010-04-16;35.9391
2010-04-15;36.08
2010-04-14;36.0614
2010-04-13;35.9493
2010-04-10;36.4218
2010-04-09;36.5176
2010-04-08;36.3855
2010-04-07;36.3205
2010-04-06;36.2808
2010-04-03;36.2929
2010-04-02;36.5661
2010-04-01;36.6359
2010-03-31;36.4722
2010-03-30;36.804
2010-03-27;36.659
2010-03-26;36.8367
2010-03-25;36.7363
2010-03-24;36.605
2010-03-23;36.4413
2010-03-20;36.339
2010-03-19;36.2965
2010-03-18;36.2597
2010-03-17;36.5473
2010-03-16;36.4368
2010-03-13;36.5044
2010-03-12;36.6656
2010-03-11;36.9208
2010-03-10;36.9518
2010-03-06;37.0595
2010-03-05;37.041
2010-03-04;37.0314
2010-03-03;37.235
2010-03-02;37.1755
2010-02-28;37.1984
2010-02-27;37.3106
2010-02-26;37.3272
2010-02-25;37.3008
2010-02-20;37.45
2010-02-19;37.4038
2010-02-18;37.2328
2010-02-17;37.4085
2010-02-16;37.5366
2010-02-13;37.4606
2010-02-12;37.4171
2010-02-11;37.5683
2010-02-10;37.7264
2010-02-09;37.9031
2010-02-06;37.842
2010-02-05;37.2692
2010-02-04;37.1108
2010-02-03;37.4898
2010-02-02;37.7588
2010-01-30;37.798
2010-01-29;37.7135
2010-01-28;37.6253
2010-01-27;37.652
2010-01-26;37.38
2010-01-23;36.9467
2010-01-22;37.0238
2010-01-21;36.9559
2010-01-20;36.7373
2010-01-19;36.8342
2010-01-16;36.7894
2010-01-15;36.6271
2010-01-14;36.8897
2010-01-13;36.5618
2010-01-12;36.6251
2009-12-31;37.172
2009-11-30;37.1331
2009-10-31;36.5431
2009-09-30;37.5463
2009-08-31;39.2499
2009-07-31;39.0603
2009-06-30;38.69
2009-05-31;38.5233
2009-04-30;41.5212
2009-03-31;41.2765
2009-02-28;44.1125
2009-01-31;42.863
2008-12-31;36.1937
2008-11-30;33.8121
2008-10-31;33.4294
2008-09-30;31.2552
2008-08-31;30.2206
2008-07-31;28.9176
2008-06-30;28.8644
2008-05-31;28.7382
2008-04-30;28.4691
2008-03-31;28.0466
2008-02-29;28.686
2008-01-31;28.9508
2007-12-29;29.141
2007-11-30;28.7527
2007-10-31;29.1108
2007-09-30;29.3221
2007-08-31;30.0837
2007-07-31;29.8517
2007-06-30;30.1431
2007-05-31;30.1442
2007-04-30;29.7625
2007-03-31;29.9982
2007-02-28;30.1151
2007-01-31;30.5106
2006-12-30;30.2684
2006-11-30;30.1636
2006-10-31;30.6283
2006-09-30;30.5293
2006-08-31;30.3185
2006-08-01;30.2406
2006-07-01;30.083
2006-06-01;29.9922
2006-05-01;30.2812
2006-04-01;30.5318
2006-03-01;30.6343
2006-02-01;30.5394
2006-01-01;31.348
2005-12-01;0.00625407
2005-11-01;0.0061846
2005-10-01;0.00620621
2005-09-01;0.00616656
2005-08-01;0.00585221
2005-07-01;0.00585026
2005-06-01;0.00573187
2005-05-01;0.00567109
2005-04-01;0.00567754
2005-03-01;0.00566697
2005-02-01;0.00573036
2005-01-01;0.00565953
2004-12-01;0.00576024
2004-11-01;0.00586714
2004-10-01;0.00595174
2004-09-01;0.00596344
2004-08-01;0.00593171
2004-07-30;0.00593171
2004-07-01;0.00591169
2004-06-01;0.00590326
2004-05-01;0.0058718
2004-04-01;0.00578382
2004-03-01;0.00577263
2004-02-01;0.00577454
2004-01-01;0.00598304
2003-12-01;0.00604777
2003-11-01;0.0060799
2003-10-01;0.00623333
2003-09-01;0.00620875
2003-08-01;0.00615408
2003-07-01;0.00617086
2003-06-01;0.00623863
2003-05-01;0.00633272
2003-04-01;0.00639505
2003-03-01;0.00644544
2003-02-01;0.006493
2003-01-01;0.00649589
2002-12-01;0.00650859
2002-11-01;0.00648036
2002-10-01;0.00645892
2002-09-01;0.0064477
2002-08-01;0.00643473
2002-07-01;0.00645565
2002-06-01;0.00644046
2002-05-01;0.00644152
2002-04-01;0.00643642
2002-03-01;0.00642714
2002-02-01;0.00639271
2002-01-01;0.00631278
2001-12-01;0.006297
2001-11-01;0.006288
2001-10-01;0.006263
2001-09-01;0.00628
2001-08-01;0.006266
2001-07-01;0.006263
2001-06-01;0.006284
2001-05-01;0.006234
2001-04-01;0.006245
2001-03-01;0.006258
2001-02-01;0.006193
2001-01-01;0.006178
2000-12-01;0.00611
2000-11-01;0.006116
2000-10-01;0.006129
2000-09-01;0.006141
2000-08-01;0.006194
2000-07-01;0.006275
2000-06-01;0.006344
2000-05-01;0.006403
2000-04-01;0.006442
2000-03-01;0.006512
2000-02-01;0.006506
2000-01-01;0.006174
1999-12-01;0.00606
1999-11-01;0.00601
1999-10-01;0.005811
1999-09-01;0.005781
1999-08-01;0.005678
1999-07-01;0.006093
1999-06-01;0.006145
1999-05-01;0.006147
1999-04-01;0.006122
1999-03-01;0.005835
1999-02-01;0.005837
1999-01-01;0.005311
1998-12-01;0.0046237
1998-11-01;0.0041595
1998-10-01;0.0041618
1998-09-01;0.0020013
1998-08-01;0.0015792
1998-07-01;0.0016049
1998-06-01;0.0015987
1998-05-01;0.0015872
1998-04-01;0.001577
1998-03-01;0.0015636
1998-02-01;0.0015473
1998-01-01;0.001532
1997-12-01;1.52
1997-11-01;1.5
1997-10-01;1.48
1997-09-01;1.47
1997-08-01;1.46
1997-07-01;1.45
1997-06-01;1.44
1997-05-01;1.43
1997-04-01;1.41
1997-03-01;1.39
1997-02-01;1.33
1997-01-01;1.31
1996-12-01;1.3
1996-11-01;1.29
1996-10-01;1.25
1996-09-01;1.23
1996-08-01;1.19
1996-07-01;1.17
1996-06-01;1.15
1996-05-17;1.14
1996-05-15;1.14
1996-05-08;1.13
1996-05-01;1.13
1996-04-26;1.13
1996-04-24;1.13
1996-04-19;1.12
1996-04-17;1.12
1996-04-12;1.12
1996-04-10;1.12
1996-04-05;1.08
1996-04-03;1.08
1996-03-29;1.08
1996-03-27;1.08
1996-03-22;1.08
1996-03-20;1.08
1996-03-15;1.07
1996-03-13;1.07
1996-03-08;1.07
1996-03-06;1.07
1996-03-01;1.07
1996-02-28;1.07
1996-02-23;1.06
1996-02-21;1.06
1996-02-16;1.06
1996-02-14;1.06
1996-02-09;1.05
1996-02-07;1.05
1996-02-02;1.05
1996-01-31;1.05
1996-01-26;1.05
1996-01-24;1.04
1996-01-19;1.04
1996-01-17;1.04
1996-01-12;1.04
1996-01-10;1.04
1996-01-05;1.04
1995-12-29;1.03
1995-12-27;1.03
1995-12-22;1.03
1995-12-20;1.03
1995-12-15;1.03
1995-12-08;1.02
1995-12-06;1.02
1995-12-01;1.02
1995-11-29;1.02
1995-11-24;1.02
1995-11-22;1.01
1995-11-17;1.01
1995-11-15;1.01
1995-11-10;1.01
1995-11-03;1.0
1995-11-01;1.0
1995-10-27;1.0
1995-10-25;1.0
1995-10-20;1.0
1995-10-18;1.0
1995-10-13;1.0
1995-10-11;1.0
1995-10-06;1.0
1995-10-04;1.0
1995-09-29;1.02
1995-09-27;1.01
1995-09-22;1.01
1995-09-20;1.01
1995-09-15;1.01
1995-09-13;1.01
1995-09-08;1.01
1995-09-06;1.0
1995-09-01;1.0
1995-08-30;1.0
1995-08-25;1.0
1995-08-23;1.0
1995-08-18;1.0
1995-08-16;1.0
1995-08-11;1.0
1995-08-09;1.0
1995-08-04;1.0
1995-08-02;1.0
1995-07-28;1.0
1995-07-26;1.01
1995-07-21;1.02
1995-07-19;1.03
1995-07-14;1.03
1995-07-12;1.02
1995-07-07;1.03
1995-07-05;1.03
1995-06-30;1.03
1995-06-28;1.02
1995-06-23;1.04
1995-06-21;1.03
1995-06-16;1.07
1995-06-14;1.09
1995-06-09;1.11
1995-06-07;1.11
1995-06-02;1.13
1995-05-31;1.14
1995-05-26;1.15
1995-05-24;1.15
1995-05-19;1.15
1995-05-17;1.15
1995-05-12;1.16
1995-05-05;1.17
1995-04-28;1.16
1995-04-26;1.16
1995-04-21;1.15
1995-04-19;1.15
1995-04-14;1.15
1995-04-12;1.14
1995-04-07;1.14
1995-04-05;1.14
1995-03-31;1.13
1995-03-29;1.13
1995-03-24;1.12
1995-03-22;1.11
1995-03-17;1.1
1995-03-15;1.09
1995-03-10;1.07
1995-03-08;1.06
1995-03-03;1.05
1995-03-01;1.03
1995-02-24;1.02
1995-02-22;1.01
1995-02-17;0.99
1995-02-15;0.98
1995-02-10;1.0
1995-02-08;0.99
1995-02-03;0.98
1995-02-01;0.97
1995-01-27;0.96
1995-01-25;0.95
1995-01-20;0.94
1995-01-18;0.92
1995-01-13;0.9
1995-01-11;0.89
1995-01-06;0.87
1994-12-30;1.73
1994-12-28;1.71
1994-12-23;1.68
1994-12-21;1.67
1994-12-16;1.65
1994-12-14;1.63
1994-12-09;1.61
1994-12-07;1.6
1994-12-02;1.58
1994-11-30;1.58
1994-11-25;1.56
1994-11-23;1.55
1994-11-18;1.54
1994-11-16;1.53
1994-11-11;1.51
1994-11-09;1.51
1994-11-04;1.51
1994-11-02;1.5
1994-10-28;1.49
1994-10-26;1.48
1994-10-21;1.88
1994-10-19;1.87
1994-10-14;1.87
1994-10-12;2.45
1994-10-07;1.77
1994-10-05;1.67
1994-09-30;1.62
1994-09-28;1.55
1994-09-23;1.89
1994-09-21;1.8
1994-09-16;1.77
1994-09-14;1.75
